episode_reward_max,episode_reward_min,episode_reward_mean,episode_len_mean,episodes_this_iter,timesteps_this_iter,done,timesteps_total,episodes_total,training_iteration,experiment_id,date,timestamp,time_this_iter_s,time_total_s,pid,hostname,node_ip,time_since_restore,timesteps_since_restore,iterations_since_restore,num_healthy_workers,trial_id,experiment_tag,policy_reward_min/shared_policy,policy_reward_max/shared_policy,policy_reward_mean/shared_policy,sampler_perf/mean_env_wait_ms,sampler_perf/mean_processing_ms,sampler_perf/mean_inference_ms,info/num_steps_trained,info/num_steps_sampled,info/sample_time_ms,info/load_time_ms,info/grad_time_ms,info/update_time_ms,perf/cpu_util_percent,perf/ram_util_percent,info/learner/shared_policy/cur_kl_coeff,info/learner/shared_policy/cur_lr,info/learner/shared_policy/total_loss,info/learner/shared_policy/policy_loss,info/learner/shared_policy/vf_loss,info/learner/shared_policy/vf_explained_var,info/learner/shared_policy/kl,info/learner/shared_policy/entropy,info/learner/shared_policy/entropy_coeff
-73516.40797148377,-143583.7563941395,-102383.97569645899,1300.0,8,10400,False,10400,8,1,cd41506d7639483cb48e58d7e60352e0,2024-03-11_18-08-06,1710194886,75.5631537437439,75.5631537437439,12147,Kurukshetra,192.168.68.14,75.5631537437439,10400,1,4,a5aaf1e0,0,-10714.214139331132,468.9217677116394,-2767.1344782826754,22.738992274151265,1.7139903401833503,0.7621271250019712,131840,10400,72239.056,63.18,2597.722,603.36,33.75321100917431,25.252293577981646,0.20000000298023224,9.999999747378752e-05,56926.727,-0.0015558655,56926.875,-3.7002333e-06,0.0067174854,1.4707026,0.10000000149011612
-56593.271830972284,-143583.7563941395,-96119.75936973916,1300.0,8,10400,False,20800,16,2,cd41506d7639483cb48e58d7e60352e0,2024-03-11_18-09-17,1710194957,71.50418186187744,147.06733560562134,12147,Kurukshetra,192.168.68.14,147.06733560562134,20800,2,4,a5aaf1e0,0,-10976.789715059102,496.13159465789795,-2597.8313343172745,22.730577429901533,1.7269516457289282,0.7734094520815081,262144,20800,70628.011,43.354,2520.902,303.69,37.68921568627451,25.78333333333332,0.10000000149011612,9.480000153416768e-05,44534.78,-0.0043492466,44534.92,-5.515479e-07,0.011209338,1.5226084,0.09167999774217606
-35684.293710734,-143583.7563941395,-85574.86828869308,1300.0,8,10400,False,31200,24,3,cd41506d7639483cb48e58d7e60352e0,2024-03-11_18-10-23,1710195023,66.20851969718933,213.27585530281067,12147,Kurukshetra,192.168.68.14,213.27585530281067,31200,3,4,a5aaf1e0,0,-10976.789715059102,496.13159465789795,-2312.834278072786,22.603839250544553,1.7379210027156191,0.782668076802854,385152,31200,68495.535,36.088,2325.088,203.621,38.15851063829788,26.658510638297855,0.10000000149011612,8.959999831859022e-05,26259.414,-0.0026303078,26259.545,-2.573978e-07,0.006124168,1.5499455,0.08336000144481659
-35684.293710734,-143583.7563941395,-80097.43572119165,1300.0,8,10400,False,41600,32,4,cd41506d7639483cb48e58d7e60352e0,2024-03-11_18-11-30,1710195090,66.47189831733704,279.7477536201477,12147,Kurukshetra,192.168.68.14,279.7477536201477,41600,4,4,a5aaf1e0,0,-10976.789715059102,496.13159465789795,-2164.795560032207,22.483929214920927,1.742891670444226,0.7847841586667508,511744,41600,67497.239,31.667,2226.7,154.129,36.24842105263157,27.19999999999998,0.05000000074505806,8.440000237897038e-05,22164.002,-0.0013378351,22164.121,-1.2523604e-07,0.004747361,1.5823815,0.07503999769687653
-35684.293710734,-143583.7563941395,-74393.61076742489,1300.0,8,10400,False,52000,40,5,cd41506d7639483cb48e58d7e60352e0,2024-03-11_18-12-32,1710195152,62.2623233795166,342.0100769996643,12147,Kurukshetra,192.168.68.14,342.0100769996643,52000,5,4,a5aaf1e0,0,-10976.789715059102,496.13159465789795,-2010.6381288493217,22.342436063175658,1.7435105151754058,0.7846498706017405,629248,52000,66088.378,28.559,2136.81,123.92,36.12696629213483,27.20337078651685,0.02500000037252903,7.919999916339293e-05,17480.668,-0.0025475873,17480.775,-5.6488062e-08,0.0049216137,1.5824438,0.06672000139951706
-30494.626309385523,-143583.7563941395,-68483.56680647464,1300.0,8,10400,False,62400,48,6,cd41506d7639483cb48e58d7e60352e0,2024-03-11_18-13-27,1710195207,55.20506453514099,397.2151415348053,12147,Kurukshetra,192.168.68.14,397.2151415348053,62400,6,4,a5aaf1e0,0,-10976.789715059102,496.13159465789795,-1850.9072109858014,22.13488122816322,1.7404919159058494,0.7828277639398844,728320,62400,63983.47,26.035,2067.005,103.777,35.47341772151898,27.2012658227848,0.012500000186264515,7.400000322377309e-05,16854.086,-0.0015619807,16854.18,-3.103446e-08,0.0037538684,1.5832106,0.058400001376867294
-21250.392591795884,-143583.7563941395,-63565.6786601422,1300.0,8,10400,False,72800,56,7,cd41506d7639483cb48e58d7e60352e0,2024-03-11_18-14-19,1710195259,51.7051305770874,448.9202721118927,12147,Kurukshetra,192.168.68.14,448.9202721118927,72800,7,4,a5aaf1e0,0,-10976.789715059102,496.13159465789795,-1717.9913151389785,21.89371192543242,1.7352408190171482,0.7805509277373505,820992,72800,62032.869,24.026,1964.429,89.436,35.73424657534247,27.204109589041096,0.0062500000931322575,6.880000000819564e-05,16262.517,-0.000720767,16262.598,-1.597141e-08,0.0011431173,1.5918144,0.05008000135421753
-18105.703417535988,-143583.7563941395,-59002.41464877934,1300.0,8,10400,False,83200,64,8,cd41506d7639483cb48e58d7e60352e0,2024-03-11_18-15-14,1710195314,55.17512106895447,504.09539318084717,12147,Kurukshetra,192.168.68.14,504.09539318084717,83200,8,4,a5aaf1e0,0,-10976.789715059102,496.13159465789795,-1594.6598553724143,21.65639180316877,1.7301196016100935,0.7788061318698596,909312,83200,60878.955,23.002,2010.202,78.691,38.06329113924051,27.04303797468355,0.0031250000465661287,6.359999679261819e-05,12280.354,-0.0021470678,12280.423,-8.206436e-09,0.0076635927,1.5768363,0.041760001331567764
-17861.535852395464,-143583.7563941395,-54880.07682783371,1300.0,8,10400,False,93600,72,9,cd41506d7639483cb48e58d7e60352e0,2024-03-11_18-16-03,1710195363,48.45108771324158,552.5464808940887,12147,Kurukshetra,192.168.68.14,552.5464808940887,93600,9,4,a5aaf1e0,0,-10976.789715059102,496.13159465789795,-1483.2453196711813,21.41498584590964,1.7247506685028826,0.7774810878928239,989312,93600,59348.155,21.469,1934.014,70.446,36.7536231884058,27.30289855072464,0.0015625000232830644,5.8400000852998346e-05,12622.707,-0.00087334623,12622.76,-7.6293943e-10,0.0015534395,1.5722985,0.033440001308918
-11510.325587946922,-143583.7563941395,-51265.726547824146,1300.0,8,10400,False,104000,80,10,cd41506d7639483cb48e58d7e60352e0,2024-03-11_18-16-50,1710195410,47.21661567687988,599.7630965709686,12147,Kurukshetra,192.168.68.14,599.7630965709686,104000,10,4,a5aaf1e0,0,-10976.789715059102,496.13159465789795,-1385.5601769682198,21.176413052744945,1.7190550519342196,0.7762169181469949,1066496,104000,57995.395,20.383,1877.675,63.82,35.93235294117647,27.3,0.0007812500116415322,5.32000012753997e-05,11728.206,-0.0020274494,11728.247,-1.1762774e-08,0.0035541602,1.5436577,0.025119999423623085
-4248.260238707066,-143583.7563941395,-47528.30830306388,1300.0,8,10400,False,114400,88,11,cd41506d7639483cb48e58d7e60352e0,2024-03-11_18-17-33,1710195453,42.611993074417114,642.3750896453857,12147,Kurukshetra,192.168.68.14,642.3750896453857,114400,11,4,a5aaf1e0,0,-10976.789715059102,496.7625584602356,-1284.5488730557806,20.93455636382062,1.713140542711007,0.7749913888478563,1134592,114400,54920.417,14.772,1728.087,3.935,36.125,27.301666666666666,0.0003906250058207661,4.999999873689376e-05,9698.078,-0.001107658,9698.111,-2.5768925e-09,0.0029352638,1.5313159,0.019899999722838402
-3490.5793807841837,-143583.7563941395,-44331.99373433236,1300.0,8,10400,False,124800,96,12,cd41506d7639483cb48e58d7e60352e0,2024-03-11_18-18-17,1710195497,43.94377326965332,686.3188629150391,12147,Kurukshetra,192.168.68.14,686.3188629150391,124800,12,4,a5aaf1e0,0,-10976.789715059102,496.7625584602356,-1198.1619928197936,20.698439041718622,1.7073314156670631,0.7737890572122296,1203456,124800,52295.416,13.209,1599.182,3.908,35.6936507936508,27.299999999999997,0.00019531250291038305,4.999999873689376e-05,9216.031,-0.0014049998,9216.063,-3.5452576e-09,0.0040940326,1.500926,0.01964000053703785
-1974.5661387108266,-129539.7453657673,-39088.81350899314,1300.0,8,10400,False,135200,104,13,cd41506d7639483cb48e58d7e60352e0,2024-03-11_18-18-59,1710195539,42.27415323257446,728.5930161476135,12147,Kurukshetra,192.168.68.14,728.5930161476135,135200,13,4,a5aaf1e0,0,-10976.789715059102,499.0257866382599,-1056.4544191619766,20.39445293928818,1.7011093777264272,0.7730144827633301,1268352,135200,49977.523,11.794,1525.735,4.046,35.665573770491804,27.30163934426229,9.765625145519152e-05,4.999999873689376e-05,8675.422,-0.00077681337,8675.452,-3.526902e-10,0.0006755834,1.4799795,0.019379999488592148
-1297.3956262618303,-115013.91444309801,-31709.20604467553,1300.0,8,10400,False,145600,112,14,cd41506d7639483cb48e58d7e60352e0,2024-03-11_18-19-38,1710195578,39.24223256111145,767.835248708725,12147,Kurukshetra,192.168.68.14,767.835248708725,145600,14,4,a5aaf1e0,0,-9497.365930639207,499.0257866382599,-857.237254519479,19.96156701453615,1.6926076857205963,0.7715946871767122,1331072,145600,47345.334,10.626,1436.215,4.012,35.94464285714286,27.300000000000004,4.882812572759576e-05,4.999999873689376e-05,8493.861,-0.0005433229,8493.891,7.906738e-09,0.0013170626,1.4646597,0.019120000302791595
5501.641567200422,-88166.71901575994,-25539.46247443151,1300.0,8,10400,False,156000,120,15,cd41506d7639483cb48e58d7e60352e0,2024-03-11_18-20-17,1710195617,38.372788429260254,806.2080371379852,12147,Kurukshetra,192.168.68.14,806.2080371379852,156000,15,4,a5aaf1e0,0,-8905.747627692297,526.2737243175507,-690.4423485923631,19.51358692011502,1.681725126619886,0.7681872244720123,1388800,156000,45039.848,9.619,1354.176,4.022,35.99444444444445,27.299999999999997,2.441406286379788e-05,4.999999873689376e-05,8350.424,-0.0021166436,8350.453,0.020627473,0.0049290163,1.4512055,0.018859999254345894
5501.641567200422,-78770.15680559978,-20343.660733112465,1300.0,8,10400,False,166400,128,16,cd41506d7639483cb48e58d7e60352e0,2024-03-11_18-20-55,1710195655,38.2918221950531,844.4998593330383,12147,Kurukshetra,192.168.68.14,844.4998593330383,166400,16,4,a5aaf1e0,0,-6290.582753673196,541.5184614658356,-549.9773109789799,19.062263552481525,1.6691231516293419,0.7644948358702577,1450112,166400,43421.271,8.919,1282.266,4.113,35.69818181818182,27.301818181818177,1.220703143189894e-05,4.999999873689376e-05,6846.993,-0.0014979038,6847.021,0.0873946,0.004075693,1.433214,0.01860000006854534
5501.641567200422,-66132.69964074559,-15966.977237334942,1300.0,8,10400,False,176800,136,17,cd41506d7639483cb48e58d7e60352e0,2024-03-11_18-21-34,1710195694,39.41482210159302,883.9146814346313,12147,Kurukshetra,192.168.68.14,883.9146814346313,176800,17,4,a5aaf1e0,0,-5433.764839880168,541.7386140823364,-431.65658927642454,18.617036732363857,1.656466643480002,0.7613066928581556,1510400,176800,42227.666,8.386,1247.583,4.148,35.73571428571428,27.301785714285717,6.10351571594947e-06,4.999999873689376e-05,8211.348,-0.00071305246,8211.375,0.09187768,0.003291121,1.4199353,0.01834000088274479
5575.674337670207,-47671.274161360925,-12205.500756621861,1300.0,8,10400,False,187200,144,18,cd41506d7639483cb48e58d7e60352e0,2024-03-11_18-22-13,1710195733,38.62050247192383,922.5351839065552,12147,Kurukshetra,192.168.68.14,922.5351839065552,187200,18,4,a5aaf1e0,0,-4301.769868543372,541.7386140823364,-329.9675792544434,18.19238444288983,1.644390481873296,0.7586795816926406,1569408,187200,40709.285,7.553,1112.739,4.152,36.05272727272727,27.299999999999997,3.051757857974735e-06,4.999999873689376e-05,7118.3784,-0.0004045909,7118.404,0.10197885,0.0034358497,1.4105667,0.018079999834299088
5575.674337670207,-37758.87116412785,-9355.609050289537,1300.0,8,10400,False,197600,152,19,cd41506d7639483cb48e58d7e60352e0,2024-03-11_18-22-52,1710195772,39.4291353225708,961.964319229126,12147,Kurukshetra,192.168.68.14,961.964319229126,197600,19,4,a5aaf1e0,0,-4301.769868543372,543.6469022035599,-252.922656131104,17.806409360748834,1.6336383199564422,0.7566006682432896,1631744,197600,39820.886,7.335,1099.371,4.083,35.88421052631579,27.3,1.5258789289873675e-06,4.999999873689376e-05,6984.3823,-0.0006736306,6984.408,0.10481152,0.0027463415,1.395118,0.017820000648498535
5575.674337670207,-37608.48583680112,-6991.829032625407,1300.0,8,10400,False,208000,160,20,cd41506d7639483cb48e58d7e60352e0,2024-03-11_18-23-35,1710195815,42.590248584747314,1004.5545678138733,12147,Kurukshetra,192.168.68.14,1004.5545678138733,208000,20,4,a5aaf1e0,0,-4301.769868543372,543.6469022035599,-189.0194385678672,17.453899261713488,1.6238786168364243,0.754906003125545,1697280,208000,39388.179,7.03,1069.883,4.094,37.07377049180328,26.903278688524598,7.629394644936838e-07,4.999999873689376e-05,6645.242,-0.0008063476,6645.267,0.11252166,0.002858249,1.3800516,0.017559999600052834
5575.674337670207,-27623.315547472565,-5207.559385976962,1300.0,8,10400,False,218400,168,21,cd41506d7639483cb48e58d7e60352e0,2024-03-11_18-24-17,1710195857,42.269132137298584,1046.8236999511719,12147,Kurukshetra,192.168.68.14,1046.8236999511719,218400,21,4,a5aaf1e0,0,-3937.757862774655,571.5501698255539,-140.78289770145884,17.13030612135158,1.6148350952162587,0.7531655861599847,1765376,218400,39348.384,7.05,1075.265,3.998,35.78499999999999,25.92333333333334,3.814697322468419e-07,4.999999873689376e-05,6437.3823,-0.00080638233,6437.4067,0.12595442,0.003057712,1.3634882,0.01730000041425228
6131.83224583976,-22593.953684484586,-3386.06961226398,1300.0,8,10400,False,228800,176,22,cd41506d7639483cb48e58d7e60352e0,2024-03-11_18-24-59,1710195899,41.9669623374939,1088.7906622886658,12147,Kurukshetra,192.168.68.14,1088.7906622886658,228800,22,4,a5aaf1e0,0,-3112.2360541559756,571.5501698255539,-91.56488946089725,16.835170098740658,1.6067409706352036,0.7516324073549698,1826560,228800,39156.662,6.902,1069.394,4.058,38.348333333333336,26.00333333333334,1.9073486612342094e-07,4.999999873689376e-05,6672.431,-0.0006343141,6672.4546,0.113966845,0.001368373,1.3493572,0.01703999936580658
6131.83224583976,-18143.37696394138,-2295.0293017980484,1300.0,8,10400,False,239200,184,23,cd41506d7639483cb48e58d7e60352e0,2024-03-11_18-25-52,1710195952,52.53442096710205,1141.3250832557678,12147,Kurukshetra,192.168.68.14,1141.3250832557678,239200,23,4,a5aaf1e0,0,-3038.3194570099004,571.5501698255539,-62.06136565165085,16.582817093144623,1.600320637709883,0.7513987517330952,1890176,239200,40151.38,7.281,1100.552,3.975,47.192,27.446666666666665,9.536743306171047e-08,4.999999873689376e-05,6741.69,-0.0007332763,6741.7134,0.12357009,0.003306621,1.3356357,0.016780000180006027
8731.123749911785,-16291.392489264952,-1276.7846797796644,1300.0,8,10400,False,249600,192,24,cd41506d7639483cb48e58d7e60352e0,2024-03-11_18-26-39,1710195999,47.498494386672974,1188.8235776424408,12147,Kurukshetra,192.168.68.14,1188.8235776424408,249600,24,4,a5aaf1e0,0,-2494.838205471635,571.5501698255539,-34.526356943744304,16.366211853795267,1.595026221585191,0.7519955150165012,1952000,249600,40972.202,7.356,1105.322,3.97,44.551470588235304,27.14411764705882,4.7683716530855236e-08,4.999999873689376e-05,5885.391,-0.0010262069,5885.414,0.13053088,0.004364765,1.3224567,0.016519999131560326
8731.123749911785,-9889.22439048835,-355.3741894900289,1300.0,8,10400,False,260000,200,25,cd41506d7639483cb48e58d7e60352e0,2024-03-11_18-27-16,1710196036,36.97686982154846,1225.8004474639893,12147,Kurukshetra,192.168.68.14,1225.8004474639893,260000,25,4,a5aaf1e0,0,-2134.153527826071,580.9173820018768,-9.609902365874229,16.168000414264174,1.5900929736487797,0.7525248048507924,2010752,260000,40821.074,7.432,1116.295,4.172,35.715384615384615,26.09999999999999,2.3841858265427618e-08,4.999999873689376e-05,6232.793,-0.0007920487,6232.815,0.120776,0.003712307,1.3065858,0.016259999945759773
8731.123749911785,-7601.5823438465595,536.7447021704606,1300.0,8,10400,False,270400,208,26,cd41506d7639483cb48e58d7e60352e0,2024-03-11_18-27-53,1710196073,36.29536771774292,1262.0958151817322,12147,Kurukshetra,192.168.68.14,1262.0958151817322,270400,26,4,a5aaf1e0,0,-2134.153527826071,594.0487971305847,14.514459225810185,15.987303112391428,1.5855083940871924,0.7530638130812087,2068608,270400,40630.909,7.381,1106.671,4.348,35.57115384615385,26.13076923076922,1.1920929132713809e-08,4.999999873689376e-05,6677.622,-0.00059318164,6677.643,0.121875204,0.00167333,1.2986372,0.01600000075995922
8731.123749911785,-7601.5823438465595,1174.096687720816,1300.0,8,10400,False,280800,216,27,cd41506d7639483cb48e58d7e60352e0,2024-03-11_18-28-31,1710196111,37.82797050476074,1299.923785686493,12147,Kurukshetra,192.168.68.14,1299.923785686493,280800,27,4,a5aaf1e0,0,-2134.153527826071,594.0487971305847,31.740921538816323,15.82631003737114,1.5814940908735187,0.7536764549841547,2126848,280800,40470.802,7.318,1108.161,4.366,35.35370370370371,26.098148148148137,5.9604645663569045e-09,4.999999873689376e-05,6100.5005,-0.0003141369,6100.521,0.12722181,0.00047286646,1.2811059,0.01573999971151352
8731.123749911785,-7601.5823438465595,1620.6854059945906,1300.0,8,10400,False,291200,224,28,cd41506d7639483cb48e58d7e60352e0,2024-03-11_18-29-18,1710196158,47.36365103721619,1347.287436723709,12147,Kurukshetra,192.168.68.14,1347.287436723709,291200,28,4,a5aaf1e0,0,-2134.153527826071,594.0487971305847,43.814149932267924,15.689972661242564,1.5786746797632123,0.7550674633095759,2185984,291200,41290.086,7.764,1162.221,4.387,44.400000000000006,27.061764705882357,2.9802322831784522e-09,4.999999873689376e-05,6911.524,-0.00033857115,6911.5444,0.1205506,0.00041981344,1.2692227,0.015479999594390392
10161.435762606561,-6900.899624010781,2156.73579522053,1300.0,8,10400,False,301600,232,29,cd41506d7639483cb48e58d7e60352e0,2024-03-11_18-30-08,1710196208,49.693567991256714,1396.9810047149658,12147,Kurukshetra,192.168.68.14,1396.9810047149658,301600,29,4,a5aaf1e0,0,-2134.153527826071,594.0487971305847,58.30591498298269,15.57801218126965,1.5769528520948473,0.7574224972214058,2244736,301600,42283.57,7.999,1194.34,4.467,46.180281690140845,27.615492957746472,1.4901161415892261e-09,4.999999873689376e-05,6199.586,-0.00062157726,6199.6064,0.12897098,0.0030369498,1.2507015,0.01522000040858984
10165.618807932362,-6900.899624010781,2645.772826288289,1300.0,8,10400,False,312000,240,30,cd41506d7639483cb48e58d7e60352e0,2024-03-11_18-30-57,1710196257,48.7594850063324,1445.7404897212982,12147,Kurukshetra,192.168.68.14,1445.7404897212982,312000,30,4,a5aaf1e0,0,-2134.153527826071,605.4668785333633,71.52670522542009,15.487136646800103,1.5761883806081887,0.7605186662357235,2302336,312000,42875.938,8.106,1218.654,4.52,46.456521739130444,27.51014492753623,7.450580707946131e-10,4.999999873689376e-05,6803.593,-0.00027943292,6803.612,0.12789407,0.001897782,1.2404226,0.014960000291466713
10165.618807932362,-6900.899624010781,3208.32118823758,1300.0,8,10400,False,322400,248,31,cd41506d7639483cb48e58d7e60352e0,2024-03-11_18-31-43,1710196303,46.355308532714844,1492.095798254013,12147,Kurukshetra,192.168.68.14,1492.095798254013,322400,31,4,a5aaf1e0,0,-2134.153527826071,660.6093428134918,86.73482531055906,15.412761658023367,1.5760372383026044,0.7643159095231081,2357504,322400,43295.067,8.047,1208.285,4.575,46.035820895522384,27.87462686567164,3.7252903539730653e-10,4.999999873689376e-05,6864.813,-0.0009952893,6864.833,0.124039076,0.004756015,1.2253665,0.014700000174343586
10165.618807932362,-6900.899624010781,3910.6361971043343,1300.0,8,10400,False,332800,256,32,cd41506d7639483cb48e58d7e60352e0,2024-03-11_18-32-22,1710196342,39.07594394683838,1531.1717422008514,12147,Kurukshetra,192.168.68.14,1531.1717422008514,332800,32,4,a5aaf1e0,0,-2134.153527826071,660.6093428134918,105.72144355513204,15.343664893346167,1.575868024620375,0.7680404780305085,2414464,332800,43025.204,8.014,1189.182,4.594,38.22545454545455,26.387272727272727,1.8626451769865326e-10,4.999999873689376e-05,6250.9697,-0.0001869641,6250.988,0.13113426,0.0017956352,1.2097933,0.014440000057220459
11944.689214795828,-6900.899624010781,4531.012885653688,1300.0,8,10400,False,343200,264,33,cd41506d7639483cb48e58d7e60352e0,2024-03-11_18-32-59,1710196379,37.36033749580383,1568.5320796966553,12147,Kurukshetra,192.168.68.14,1568.5320796966553,343200,33,4,a5aaf1e0,0,-2134.153527826071,660.6093428134918,122.49291391331947,15.275762123716389,1.575570439125346,0.7715038542443076,2472192,343200,41553.985,7.505,1143.45,4.658,34.68518518518518,26.301851851851847,9.313225884932663e-11,4.999999873689376e-05,7113.694,-0.0005463224,7113.712,0.13324627,0.0011460029,1.1993822,0.014179999940097332
13128.689172133803,-4353.913443933445,5084.561725344059,1300.0,8,10400,False,353600,272,34,cd41506d7639483cb48e58d7e60352e0,2024-03-11_18-33-37,1710196417,37.460505962371826,1605.992585659027,12147,Kurukshetra,192.168.68.14,1605.992585659027,353600,34,4,a5aaf1e0,0,-2134.153527826071,660.6093428134918,137.4577379114371,15.209976655375323,1.5751795843142824,0.7747416066371496,2530432,353600,40564.426,7.371,1129.895,4.452,35.68679245283019,26.339622641509447,4.6566129424663316e-11,4.999999873689376e-05,7049.3394,-0.0009325202,7049.357,0.12747924,0.003645637,1.1756653,0.013919999822974205
13128.689172133803,-4353.913443933445,5620.266914524628,1300.0,8,10400,False,364000,280,35,cd41506d7639483cb48e58d7e60352e0,2024-03-11_18-34-14,1710196454,37.405211448669434,1643.3977971076965,12147,Kurukshetra,192.168.68.14,1643.3977971076965,364000,35,4,a5aaf1e0,0,-2134.153527826071,660.6093428134918,151.89910579796293,15.139457014482089,1.574285715870343,0.7771110204850885,2591360,364000,40607.643,7.327,1129.776,4.332,34.8962962962963,26.331481481481475,2.3283064712331658e-11,4.999999873689376e-05,6350.0005,-0.00043762237,6350.0166,0.14062895,0.0028457637,1.1479238,0.013659999705851078
13128.689172133803,-4353.913443933445,5935.717395628442,1300.0,8,10400,False,374400,288,36,cd41506d7639483cb48e58d7e60352e0,2024-03-11_18-34-51,1710196491,36.4153618812561,1679.8131589889526,12147,Kurukshetra,192.168.68.14,1679.8131589889526,374400,36,4,a5aaf1e0,0,-2001.3518724292517,660.6093428134918,160.4247944764444,15.061650633157274,1.5727069211283353,0.7783497626860887,2650752,374400,40615.622,7.348,1133.197,4.15,34.55769230769231,26.315384615384612,1.1641532356165829e-11,4.999999873689376e-05,7011.142,-0.0008869454,7011.158,0.13567266,0.005068764,1.1434563,0.013399999588727951
13128.689172133803,-3836.245869960636,6383.461708507325,1300.0,8,10400,False,384800,296,37,cd41506d7639483cb48e58d7e60352e0,2024-03-11_18-35-29,1710196529,37.89909076690674,1717.7122497558594,12147,Kurukshetra,192.168.68.14,1717.7122497558594,384800,37,4,a5aaf1e0,0,-2001.3518724292517,664.6692743301392,172.57263337408284,14.984629841987735,1.570994496604319,0.7791943556367203,2711424,384800,40617.831,7.422,1137.899,4.205,34.5425925925926,26.299999999999997,5.8207661780829145e-12,4.999999873689376e-05,6471.051,-0.0007374744,6471.0664,0.14076185,0.0018627478,1.1116735,0.013140000402927399
13128.689172133803,-3836.245869960636,6571.470075609464,1300.0,8,10400,False,395200,304,38,cd41506d7639483cb48e58d7e60352e0,2024-03-11_18-36-09,1710196569,40.64686560630798,1758.3591153621674,12147,Kurukshetra,192.168.68.14,1758.3591153621674,395200,38,4,a5aaf1e0,0,-2001.3518724292517,664.6692743301392,177.6553142906046,14.916324736444897,1.5696092337264738,0.7801811412978529,2774912,395200,39989.359,6.934,1095.707,4.194,35.53448275862069,26.36896551724138,2.9103830890414573e-12,4.999999873689376e-05,6252.667,-0.0006857644,6252.6816,0.14887182,0.0035897696,1.0876893,0.012880000285804272
13128.689172133803,-3836.245869960636,6618.857326706009,1300.0,8,10400,False,405600,312,39,cd41506d7639483cb48e58d7e60352e0,2024-03-11_18-36-49,1710196609,39.526360750198364,1797.8854761123657,12147,Kurukshetra,192.168.68.14,1797.8854761123657,405600,39,4,a5aaf1e0,0,-2001.3518724292517,672.1684139966965,178.93639704530977,14.855089689477301,1.5684812338153884,0.7812595805300845,2837888,405600,39026.138,6.641,1043.074,4.149,36.09285714285714,26.362500000000004,1.4551915445207286e-12,4.999999873689376e-05,7404.6704,-0.00054995803,7404.685,0.14191853,0.00353075,1.0915368,0.012620000168681145
13128.689172133803,-3836.245869960636,6735.799857251339,1300.0,8,10400,False,416000,320,40,cd41506d7639483cb48e58d7e60352e0,2024-03-11_18-37-29,1710196649,40.40759491920471,1838.2930710315704,12147,Kurukshetra,192.168.68.14,1838.2930710315704,416000,40,4,a5aaf1e0,0,-2001.3518724292517,689.3219326734543,182.0978604285304,14.796394338964701,1.567187449157037,0.7820156939948443,2901504,416000,38226.753,6.455,1007.569,4.039,35.09137931034483,26.360344827586207,7.275957722603643e-13,4.999999873689376e-05,6575.778,-0.0012043463,6575.792,0.15641668,0.0022059996,1.0475738,0.012360000051558018
13128.689172133803,-2237.156664190814,6828.50806329304,1300.0,8,10400,False,426400,328,41,cd41506d7639483cb48e58d7e60352e0,2024-03-11_18-38-09,1710196689,39.86595559120178,1878.1590266227722,12147,Kurukshetra,192.168.68.14,1878.1590266227722,426400,41,4,a5aaf1e0,0,-2001.3518724292517,689.3219326734543,184.6041649984601,14.734291382821773,1.5652139632496789,0.7819702159921793,2968704,426400,37575.735,6.515,1009.528,4.057,35.12105263157895,26.361403508771932,3.6379788613018216e-13,4.999999873689376e-05,6376.907,-0.00065084413,6376.92,0.155746,0.002318004,1.0207163,0.01209999993443489
13128.689172133803,-2237.156664190814,7012.374957542117,1300.0,8,10400,False,436800,336,42,cd41506d7639483cb48e58d7e60352e0,2024-03-11_18-38-49,1710196729,39.84150671958923,1918.0005333423615,12147,Kurukshetra,192.168.68.14,1918.0005333423615,436800,42,4,a5aaf1e0,0,-1743.182489439845,711.3430235385895,189.5748839562616,14.667537780651715,1.5626737983539563,0.781109957542737,3033728,436800,37640.541,6.582,1021.252,3.956,34.90701754385965,26.338596491228074,1.8189894306509108e-13,4.999999873689376e-05,6161.407,-0.00033385525,6161.4194,0.15338223,0.0014806334,0.99657625,0.011839999817311764
13128.689172133803,-2237.156664190814,6956.260817017052,1300.0,8,10400,False,447200,344,43,cd41506d7639483cb48e58d7e60352e0,2024-03-11_18-39-30,1710196770,40.43312931060791,1958.4336626529694,12147,Kurukshetra,192.168.68.14,1958.4336626529694,447200,43,4,a5aaf1e0,0,-1743.182489439845,711.3430235385895,188.05787556142343,14.598904584873134,1.559811792449558,0.7795164417330213,3102080,447200,37931.944,6.845,1036.694,3.908,35.39655172413793,26.30689655172414,9.094947153254554e-14,4.999999873689376e-05,5875.224,-0.0005476881,5875.236,0.17545466,0.0014412176,0.9704128,0.011579999700188637
13128.689172133803,-2237.156664190814,6845.06991463051,1300.0,8,10400,False,457600,352,44,cd41506d7639483cb48e58d7e60352e0,2024-03-11_18-40-13,1710196813,43.187334299087524,2001.6209969520569,12147,Kurukshetra,192.168.68.14,2001.6209969520569,457600,44,4,a5aaf1e0,0,-1743.182489439845,711.3430235385895,185.05190361261177,14.533275037123117,1.5569680396125256,0.7776465686951051,3173376,457600,38489.67,7.102,1051.142,4.126,35.3672131147541,26.342622950819678,4.547473576627277e-14,4.999999873689376e-05,5476.9517,-0.0006968618,5476.963,0.18624645,0.0042170943,0.9453074,0.01131999958306551
13128.689172133803,941.8496275674552,6959.610254547354,1300.0,8,10400,False,468000,360,45,cd41506d7639483cb48e58d7e60352e0,2024-03-11_18-40-53,1710196853,39.557350397109985,2041.1783473491669,12147,Kurukshetra,192.168.68.14,2041.1783473491669,468000,45,4,a5aaf1e0,0,-1743.182489439845,741.1635310649872,188.14842537300225,14.472425580596282,1.5542734928216544,0.7758062102235784,3240064,468000,38705.105,7.149,1050.991,4.091,35.15263157894737,26.373684210526314,2.2737367883136385e-14,4.999999873689376e-05,6450.9155,-0.00059524336,6450.9272,0.16551042,0.0017892747,0.93322796,0.011060000397264957
15072.890124872327,941.8496275674552,7236.962497895518,1300.0,8,10400,False,478400,368,46,cd41506d7639483cb48e58d7e60352e0,2024-03-11_18-41-32,1710196892,39.82272553443909,2081.001072883606,12147,Kurukshetra,192.168.68.14,2081.001072883606,478400,46,4,a5aaf1e0,0,-1817.8569257184863,741.1635310649872,195.64645844540465,14.416492543822397,1.551764436868438,0.774060262318639,3303424,478400,39039.628,7.207,1057.841,4.069,35.319298245614036,26.375438596491232,1.1368683941568192e-14,4.999999873689376e-05,6482.393,-0.00046905712,6482.403,0.16863795,0.0030636238,0.91044813,0.01080000028014183
15072.890124872327,941.8496275674552,7542.98884595233,1300.0,8,10400,False,488800,376,47,cd41506d7639483cb48e58d7e60352e0,2024-03-11_18-42-15,1710196935,42.60268235206604,2123.603755235672,12147,Kurukshetra,192.168.68.14,2123.603755235672,488800,47,4,a5aaf1e0,0,-1817.8569257184863,741.4507530927658,203.9196768302874,14.366365097403781,1.5495410858974719,0.7725539423879456,3366016,488800,39432.696,7.67,1134.425,4.177,38.476666666666674,26.57833333333333,5.684341970784096e-15,4.999999873689376e-05,7090.7656,-0.00067220046,7090.776,0.15750772,0.0054545365,0.90265846,0.010540000163018703
15072.890124872327,941.8496275674552,7750.341276857711,1300.0,8,10400,False,499200,384,48,cd41506d7639483cb48e58d7e60352e0,2024-03-11_18-43-05,1710196985,49.71798920631409,2173.321744441986,12147,Kurukshetra,192.168.68.14,2173.321744441986,499200,48,4,a5aaf1e0,0,-1817.8569257184863,741.4507530927658,209.52531162091677,14.326186820523397,1.5479271499461356,0.7717473317331109,3425920,499200,40287.609,8.219,1184.792,4.348,46.95352112676057,27.546478873239444,2.842170985392048e-15,4.999999873689376e-05,7651.4976,-0.0006748068,7651.5073,0.15623006,0.0022664461,0.88816184,0.010280000045895576
15455.902305871248,941.8496275674552,8002.803568999258,1300.0,8,10400,False,509600,392,49,cd41506d7639483cb48e58d7e60352e0,2024-03-11_18-43-49,1710197029,43.94189143180847,2217.2636358737946,12147,Kurukshetra,192.168.68.14,2217.2636358737946,509600,49,4,a5aaf1e0,0,-1817.8569257184863,752.5075008869171,216.29198835133127,14.292006500260218,1.5467115385202936,0.771269639087373,3487232,509600,40674.896,8.613,1238.158,4.469,41.91746031746031,26.82698412698413,1.421085492696024e-15,4.999999873689376e-05,7681.6787,-0.0005948487,7681.688,0.15701912,0.0034089629,0.8641822,0.01001999992877245
15455.902305871248,1656.5153156779706,8290.108280706778,1300.0,8,10400,False,520000,400,50,cd41506d7639483cb48e58d7e60352e0,2024-03-11_18-44-39,1710197079,50.04628801345825,2267.309923887253,12147,Kurukshetra,192.168.68.14,2267.309923887253,520000,50,4,a5aaf1e0,0,-1817.8569257184863,752.5075008869171,224.05698055964265,14.26559815306154,1.5459424052224608,0.7714020892684821,3547008,520000,41627.91,8.68,1248.865,4.466,46.9,27.723611111111115,7.10542746348012e-16,4.999999873689376e-05,7430.3047,-0.00143921,7430.315,0.15976302,0.0072903526,0.8358702,0.009999999776482582
15455.902305871248,1910.0028751312057,8775.279337009168,1300.0,8,10400,False,530400,408,51,cd41506d7639483cb48e58d7e60352e0,2024-03-11_18-45-31,1710197131,51.738624811172485,2319.0485486984253,12147,Kurukshetra,192.168.68.14,2319.0485486984253,530400,51,4,a5aaf1e0,0,-1817.8569257184863,757.324336886406,237.1697118110586,14.246225777795438,1.5456817072299827,0.7720564109387715,3609216,530400,42780.537,8.835,1282.664,4.452,47.37972972972973,27.81621621621622,3.55271373174006e-16,4.999999873689376e-05,7326.9927,-0.0004163647,7327.001,0.17448337,0.002433038,0.8106332,0.009999999776482582
15455.902305871248,1910.0028751312057,9046.46873828258,1300.0,8,10400,False,540800,416,52,cd41506d7639483cb48e58d7e60352e0,2024-03-11_18-46-21,1710197181,50.26154112815857,2369.310089826584,12147,Kurukshetra,192.168.68.14,2369.310089826584,540800,52,4,a5aaf1e0,0,-1817.8569257184863,762.7092709541321,244.49915508871834,14.233990566683415,1.5457855590976248,0.7731156822860155,3673472,540800,43810.105,8.904,1294.929,4.513,44.80140845070422,27.653521126760555,1.77635686587003e-16,4.999999873689376e-05,6969.544,-0.0008386659,6969.5522,0.16794668,0.0038331458,0.7765723,0.009999999776482582
15455.902305871248,1910.0028751312057,9336.260765360748,1300.0,8,10400,False,551200,424,53,cd41506d7639483cb48e58d7e60352e0,2024-03-11_18-47-03,1710197223,41.892192125320435,2411.2022819519043,12147,Kurukshetra,192.168.68.14,2411.2022819519043,551200,53,4,a5aaf1e0,0,-1817.8569257184863,762.7092709541321,252.33137203677697,14.22367723441897,1.546049098996366,0.7742262578011264,3741184,551200,43967.97,8.85,1283.186,4.505,35.73666666666667,26.516666666666666,8.88178432935015e-17,4.999999873689376e-05,7015.9497,-0.000528524,7015.9585,0.16948543,0.00393797,0.774144,0.009999999776482582
15455.902305871248,1910.0028751312057,9533.757546947048,1300.0,8,10400,False,561600,432,54,cd41506d7639483cb48e58d7e60352e0,2024-03-11_18-47-47,1710197267,44.05171608924866,2455.253998041153,12147,Kurukshetra,192.168.68.14,2455.253998041153,561600,54,4,a5aaf1e0,0,-1817.8569257184863,765.5762505531311,257.66912289046076,14.21638558333638,1.546414478356475,0.775408576257936,3812096,561600,44037.195,9.074,1300.247,4.357,35.642857142857146,26.41746031746033,4.440892164675075e-17,4.999999873689376e-05,6064.69,-0.00017821009,6064.6978,0.20172207,0.0018571854,0.7513077,0.009999999776482582
15455.902305871248,1910.0028751312057,9680.88071554193,1300.0,8,10400,False,572000,440,55,cd41506d7639483cb48e58d7e60352e0,2024-03-11_18-48-32,1710197312,44.5387499332428,2499.7927479743958,12147,Kurukshetra,192.168.68.14,2499.7927479743958,572000,55,4,a5aaf1e0,0,-1817.8569257184863,766.2151875495911,261.7869311936704,14.212556263603393,1.5468745440185339,0.776677955431811,3885184,572000,44525.118,9.212,1310.179,4.396,36.4765625,26.425,2.2204460823375376e-17,4.999999873689376e-05,5941.7793,-0.00050103036,5941.787,0.20393556,0.0014684956,0.72742575,0.009999999776482582
15455.902305871248,1029.5911865920352,9772.716924844855,1300.0,8,10400,False,582400,448,56,cd41506d7639483cb48e58d7e60352e0,2024-03-11_18-49-20,1710197360,48.79935932159424,2548.59210729599,12147,Kurukshetra,192.168.68.14,2548.59210729599,582400,56,4,a5aaf1e0,0,-1817.8569257184863,766.2151875495911,264.27033328406856,14.211589107824635,1.5477184744216184,0.7779260701098022,3970176,582400,45386.659,9.585,1345.83,4.355,35.51304347826087,26.49855072463768,1.1102230411687688e-17,4.999999873689376e-05,4697.3237,-0.00063097966,4697.3315,0.23645282,0.0020152507,0.6941759,0.009999999776482582
15455.902305871248,1029.5911865920352,9820.402102326236,1300.0,8,10400,False,592800,456,57,cd41506d7639483cb48e58d7e60352e0,2024-03-11_18-50-05,1710197405,44.53397560119629,2593.1260828971863,12147,Kurukshetra,192.168.68.14,2593.1260828971863,592800,57,4,a5aaf1e0,0,-1878.2959380280226,793.2327963113785,265.5598188838895,14.212663263118225,1.5486185050528247,0.7791432053241806,4049920,592800,45650.0,9.263,1276.113,4.189,34.6484375,26.496875,5.551115205843844e-18,4.999999873689376e-05,5533.401,-0.00087322586,5533.4087,0.23096773,0.0052364105,0.6834567,0.009999999776482582
15455.902305871248,1029.5911865920352,9633.28978224316,1300.0,8,10400,False,603200,464,58,cd41506d7639483cb48e58d7e60352e0,2024-03-11_18-50-50,1710197450,44.44800639152527,2637.5740892887115,12147,Kurukshetra,192.168.68.14,2637.5740892887115,603200,58,4,a5aaf1e0,0,-2135.231687452644,798.7521207332611,260.57045664709653,14.216556209439887,1.549585786615907,0.7803731478722944,4129024,603200,45161.668,8.99,1238.809,4.085,34.4578125,26.4984375,2.775557602921922e-18,4.999999873689376e-05,5495.8374,-0.00037628008,5495.8447,0.21436983,0.0020800056,0.66552436,0.009999999776482582
15455.902305871248,1029.5911865920352,9525.674723456212,1300.0,8,10400,False,613600,472,59,cd41506d7639483cb48e58d7e60352e0,2024-03-11_18-51-35,1710197495,45.07510280609131,2682.649192094803,12147,Kurukshetra,192.168.68.14,2682.649192094803,613600,59,4,a5aaf1e0,0,-2135.231687452644,798.7521207332611,257.65958137560756,14.223313637196792,1.5506028570706656,0.7815359697307048,4209152,613600,45303.269,8.823,1211.176,3.892,35.6875,26.5,1.387778801460961e-18,4.999999873689376e-05,5063.7036,-0.0003415028,5063.711,0.23409924,0.0025202492,0.6359698,0.009999999776482582
15455.902305871248,1029.5911865920352,9573.782428646107,1300.0,8,10400,False,624000,480,60,cd41506d7639483cb48e58d7e60352e0,2024-03-11_18-52-17,1710197537,42.427459478378296,2725.076651573181,12147,Kurukshetra,192.168.68.14,2725.076651573181,624000,60,4,a5aaf1e0,0,-2135.231687452644,808.0538756847382,258.96084470235616,14.22898392513433,1.5514069885116595,0.7823526114279227,4282752,624000,44534.166,8.906,1218.225,3.866,35.21311475409836,26.48852459016394,6.938894007304805e-19,4.999999873689376e-05,5895.569,-0.00065193133,5895.575,0.21414773,0.0031831088,0.60208684,0.009999999776482582
15185.22352411598,1029.5911865920352,9635.09245306195,1300.0,8,10400,False,634400,488,61,cd41506d7639483cb48e58d7e60352e0,2024-03-11_18-53-00,1710197580,42.080660820007324,2767.1573123931885,12147,Kurukshetra,192.168.68.14,2767.1573123931885,634400,61,4,a5aaf1e0,0,-2135.231687452644,808.0538756847382,260.61921701547067,14.232782395886193,1.551923044179211,0.7827644308820291,4353920,634400,43600.279,8.785,1187.292,3.783,35.04833333333333,26.40000000000001,3.4694470036524025e-19,4.999999873689376e-05,5994.174,-0.00047412192,5994.18,0.22897094,0.002331233,0.5706133,0.009999999776482582
16356.28053965792,1029.5911865920352,9825.851114023382,1300.0,8,10400,False,644800,496,62,cd41506d7639483cb48e58d7e60352e0,2024-03-11_18-53-41,1710197621,41.34733438491821,2808.5046467781067,12147,Kurukshetra,192.168.68.14,2808.5046467781067,644800,62,4,a5aaf1e0,0,-2135.231687452644,835.796005487442,265.7790401412871,14.234034620338818,1.5521563467112145,0.782753658980765,4424320,644800,42719.661,8.814,1176.522,3.716,34.75254237288136,26.405084745762718,1.7347235018262012e-19,4.999999873689376e-05,6496.9854,-0.00012213124,6496.9907,0.2014487,0.002934733,0.55778104,0.009999999776482582
16356.28053965792,1029.5911865920352,9890.819558696541,1300.0,8,10400,False,655200,504,63,cd41506d7639483cb48e58d7e60352e0,2024-03-11_18-54-25,1710197665,44.15130090713501,2852.6559476852417,12147,Kurukshetra,192.168.68.14,2852.6559476852417,655200,63,4,a5aaf1e0,0,-2135.231687452644,835.796005487442,267.5363689125383,14.231940758614458,1.5520759014241017,0.7822564412106252,4495232,655200,42912.635,8.857,1209.224,3.652,35.23968253968254,26.403174603174612,8.673617509131006e-20,4.999999873689376e-05,6484.9414,-0.00038393534,6484.947,0.20493901,0.0033242845,0.540098,0.009999999776482582
16356.28053965792,1029.5911865920352,10073.155394815301,1300.0,8,10400,False,665600,512,64,cd41506d7639483cb48e58d7e60352e0,2024-03-11_18-55-09,1710197709,44.22613334655762,2896.8820810317993,12147,Kurukshetra,192.168.68.14,2896.8820810317993,665600,64,4,a5aaf1e0,0,-2135.231687452644,850.7459458112717,272.5420831930548,14.226671421026134,1.551714620864738,0.7813458063417135,4568320,665600,42923.182,8.629,1216.079,3.6,35.78571428571429,26.428571428571438,4.336808754565503e-20,4.999999873689376e-05,6023.0513,-0.0003524977,6023.0566,0.21716864,0.0027765608,0.52584606,0.009999999776482582
16921.22417307715,1029.5911865920352,10365.502285531866,1300.0,8,10400,False,676000,520,65,cd41506d7639483cb48e58d7e60352e0,2024-03-11_18-55-54,1710197754,44.52834868431091,2941.4104297161102,12147,Kurukshetra,192.168.68.14,2941.4104297161102,676000,65,4,a5aaf1e0,0,-2135.231687452644,850.7459458112717,280.4519016648232,14.220784285890309,1.551291055574875,0.7803429074966075,4637824,676000,42925.716,8.548,1212.423,3.584,36.534375,26.453125,2.1684043772827515e-20,4.999999873689376e-05,6805.6797,-0.00038771285,6805.685,0.2133941,0.0034116746,0.5263337,0.009999999776482582
16921.22417307715,1029.5911865920352,10673.764557300157,1300.0,8,10400,False,686400,528,66,cd41506d7639483cb48e58d7e60352e0,2024-03-11_18-56-43,1710197803,49.17679023742676,2990.587219953537,12147,Kurukshetra,192.168.68.14,2990.587219953537,686400,66,4,a5aaf1e0,0,-2135.231687452644,850.7459458112717,288.7923310957835,14.217737230642115,1.5510572357002161,0.7795923026127316,4704128,686400,42952.52,8.6,1222.281,3.739,43.529999999999994,27.42142857142857,1.0842021886413758e-20,4.999999873689376e-05,7248.2114,-0.0005971023,7248.218,0.21515346,0.003501225,0.51960313,0.009999999776482582
16921.22417307715,1029.5911865920352,11201.184194293022,1300.0,8,10400,False,696800,536,67,cd41506d7639483cb48e58d7e60352e0,2024-03-11_18-57-29,1710197849,46.013986349105835,3036.601206302643,12147,Kurukshetra,192.168.68.14,3036.601206302643,696800,67,4,a5aaf1e0,0,-2135.231687452644,850.7459458112717,302.98036771146934,14.215332556057065,1.5508969429915629,0.7789630640054416,4774400,696800,43112.683,8.895,1209.779,3.778,39.18787878787878,26.825757575757574,5.421010943206879e-21,4.999999873689376e-05,6219.1997,-0.000156428,6219.205,0.23574996,0.0022924298,0.49384978,0.009999999776482582
16921.22417307715,1029.5911865920352,11424.571698975526,1300.0,8,10400,False,707200,544,68,cd41506d7639483cb48e58d7e60352e0,2024-03-11_18-58-16,1710197896,46.54914999008179,3083.1503562927246,12147,Kurukshetra,192.168.68.14,3083.1503562927246,707200,68,4,a5aaf1e0,0,-2135.231687452644,850.7459458112717,309.0227670807554,14.213191909227016,1.5506234535797694,0.7783382912476359,4856320,707200,43339.707,8.829,1193.029,3.698,35.5530303030303,26.306060606060612,2.7105054716034394e-21,4.999999873689376e-05,5179.8867,-0.0007417401,5179.892,0.25363737,0.0024473954,0.47297817,0.009999999776482582
17681.91680064262,1917.17240362335,11977.316690991656,1300.0,8,10400,False,717600,552,69,cd41506d7639483cb48e58d7e60352e0,2024-03-11_18-59-00,1710197940,43.97121334075928,3127.121569633484,12147,Kurukshetra,192.168.68.14,3127.121569633484,717600,69,4,a5aaf1e0,0,-2135.231687452644,850.7459458112717,323.97394349449974,14.210107363892655,1.5501658542687162,0.7777400951147335,4933376,717600,43237.889,8.807,1184.585,3.627,34.15714285714285,26.298412698412697,1.3552527358017197e-21,4.999999873689376e-05,5413.7295,-0.0004005033,5413.735,0.24574548,0.003187109,0.44596472,0.009999999776482582
17681.91680064262,2846.602063911967,12467.742100153293,1300.0,8,10400,False,728000,560,70,cd41506d7639483cb48e58d7e60352e0,2024-03-11_18-59-44,1710197984,44.32320213317871,3171.4447717666626,12147,Kurukshetra,192.168.68.14,3171.4447717666626,728000,70,4,a5aaf1e0,0,-2135.231687452644,850.7459458112717,337.1482450014412,14.206831729809624,1.5497386628358771,0.7771741627861346,5011584,728000,43426.161,8.825,1185.847,3.631,34.69375,26.300000000000004,6.776263679008599e-22,4.999999873689376e-05,5009.4224,-0.0002871149,5009.4272,0.2540065,0.0023517364,0.42726547,0.009999999776482582
17681.91680064262,6390.50741315732,12843.021413301038,1300.0,8,10400,False,738400,568,71,cd41506d7639483cb48e58d7e60352e0,2024-03-11_19-00-31,1710198031,46.51450514793396,3217.9592769145966,12147,Kurukshetra,192.168.68.14,3217.9592769145966,738400,71,4,a5aaf1e0,0,-1661.7739463597536,850.7459458112717,347.2964146376701,14.203922365189344,1.5493698377855731,0.776668246954281,5092992,738400,43854.466,9.002,1200.427,3.792,35.80909090909091,26.318181818181817,3.3881318395042993e-22,4.999999873689376e-05,5058.7695,-5.9462287e-05,5058.7734,0.25531784,0.0013591751,0.42566767,0.009999999776482582
17681.91680064262,6390.50741315732,13218.7813382176,1300.0,8,10400,False,748800,576,72,cd41506d7639483cb48e58d7e60352e0,2024-03-11_19-01-17,1710198077,46.43307971954346,3264.39235663414,12147,Kurukshetra,192.168.68.14,3264.39235663414,748800,72,4,a5aaf1e0,0,-1661.7739463597536,850.7459458112717,357.4575808063169,14.201483343495495,1.5490619566937385,0.776239753357826,5168384,748800,44351.178,9.113,1211.856,3.779,35.29242424242425,26.303030303030308,1.6940659197521496e-22,4.999999873689376e-05,5586.6094,-2.9609442e-05,5586.614,0.25139567,0.0012948238,0.40932134,0.009999999776482582
17681.91680064262,6390.50741315732,13355.434767730878,1300.0,8,10400,False,759200,584,73,cd41506d7639483cb48e58d7e60352e0,2024-03-11_19-02-03,1710198123,45.25869560241699,3309.651052236557,12147,Kurukshetra,192.168.68.14,3309.651052236557,759200,73,4,a5aaf1e0,0,-1661.7739463597536,850.7459458112717,361.250602318931,14.20052665839617,1.5488301785650265,0.7758690234036593,5246464,759200,44490.123,9.087,1183.863,3.827,35.17076923076924,26.303076923076926,8.470329598760748e-23,4.999999873689376e-05,5470.9443,-0.0001652356,5470.948,0.26575324,0.0027865157,0.38162452,0.009999999776482582
18082.939609298483,6390.50741315732,13347.05736671003,1300.0,8,10400,False,769600,592,74,cd41506d7639483cb48e58d7e60352e0,2024-03-11_19-02-47,1710198167,44.67626619338989,3354.327318429947,12147,Kurukshetra,192.168.68.14,3354.327318429947,769600,74,4,a5aaf1e0,0,-1661.7739463597536,869.3391120433807,361.02400234541597,14.200891329138631,1.5486833648940936,0.7755501901637148,5322496,769600,44554.001,9.073,1165.194,3.855,35.5125,26.304687500000007,4.235164799380374e-23,4.999999873689376e-05,6420.7627,-0.00036870872,6420.7666,0.24548705,0.005333935,0.3871931,0.009999999776482582
18082.939609298483,6390.50741315732,13618.950474572357,1300.0,8,10400,False,780000,600,75,cd41506d7639483cb48e58d7e60352e0,2024-03-11_19-03-31,1710198211,43.117342472076416,3397.4446609020233,12147,Kurukshetra,192.168.68.14,3397.4446609020233,780000,75,4,a5aaf1e0,0,-1517.8025727272034,869.3391120433807,368.37842776771316,14.201639729094877,1.5485870115141673,0.7752474993998127,5395072,780000,44419.474,9.119,1158.762,3.835,35.69672131147541,26.30163934426229,2.117582399690187e-23,4.999999873689376e-05,6397.0166,-4.722359e-05,6397.0205,0.247304,0.001666709,0.3499955,0.009999999776482582
18082.939609298483,6390.50741315732,13690.788072132356,1300.0,8,10400,False,790400,608,76,cd41506d7639483cb48e58d7e60352e0,2024-03-11_19-04-16,1710198256,45.411282539367676,3442.855943441391,12147,Kurukshetra,192.168.68.14,3442.855943441391,790400,76,4,a5aaf1e0,0,-1517.8025727272034,869.3391120433807,370.22141893273005,14.203023784122742,1.5484757834910043,0.7749210885608242,5471872,790400,44072.238,8.989,1130.591,3.723,34.761538461538464,26.300000000000004,1.0587911998450935e-23,4.999999873689376e-05,5525.348,0.00024571727,5525.3516,0.2556333,0.0013843824,0.3466671,0.009999999776482582
18082.939609298483,6390.50741315732,13789.340659680724,1300.0,8,10400,False,800800,616,77,cd41506d7639483cb48e58d7e60352e0,2024-03-11_19-05-00,1710198300,43.6334924697876,3486.4894359111786,12147,Kurukshetra,192.168.68.14,3486.4894359111786,800800,77,4,a5aaf1e0,0,-1517.8025727272034,869.3391120433807,372.88644293349705,14.204105700258868,1.548324770562697,0.7745649220301983,5545728,800800,43818.562,8.664,1146.551,3.669,35.515873015873,26.320634920634923,5.293955999225468e-24,4.999999873689376e-05,6629.0356,-0.00030754964,6629.039,0.23652796,0.003186766,0.3423272,0.009999999776482582
18082.939609298483,6390.50741315732,13786.710960846187,1300.0,8,10400,False,811200,624,78,cd41506d7639483cb48e58d7e60352e0,2024-03-11_19-05-45,1710198345,45.456236600875854,3531.9456725120544,12147,Kurukshetra,192.168.68.14,3531.9456725120544,811200,78,4,a5aaf1e0,0,-1517.8025727272034,869.9142591953278,372.8153315534393,14.204759971682034,1.5480995015910315,0.7740648014596474,5625728,811200,43693.964,8.7,1161.762,3.701,35.47538461538462,26.303076923076926,2.646977999612734e-24,4.999999873689376e-05,5339.556,-8.487797e-05,5339.5586,0.29130724,0.0006838659,0.3165296,0.009999999776482582
18332.71927468665,6390.50741315732,13646.627944956772,1300.0,8,10400,False,821600,632,79,cd41506d7639483cb48e58d7e60352e0,2024-03-11_19-06-34,1710198394,48.51029706001282,3580.4559695720673,12147,Kurukshetra,192.168.68.14,3580.4559695720673,821600,79,4,a5aaf1e0,0,-1517.8025727272034,876.2688952684402,369.0272564888256,14.205370405276408,1.5478078908886352,0.7734081567437443,5709568,821600,44134.389,8.851,1174.816,3.837,34.434782608695656,26.30144927536232,1.323488999806367e-24,4.999999873689376e-05,4993.6934,-0.00047254626,4993.697,0.2918885,0.0022577653,0.2968536,0.009999999776482582
18332.71927468665,6390.50741315732,13447.418686563144,1300.0,8,10400,False,832000,640,80,cd41506d7639483cb48e58d7e60352e0,2024-03-11_19-07-25,1710198445,50.942622423172,3631.3985919952393,12147,Kurukshetra,192.168.68.14,3631.3985919952393,832000,80,4,a5aaf1e0,0,-1517.8025727272034,876.2688952684402,363.738671532679,14.207592058734253,1.5475771187797653,0.7727233076888561,5802112,832000,44770.377,9.275,1200.304,3.823,35.34520547945206,26.36575342465754,6.617444999031835e-25,4.999999873689376e-05,3979.1501,-0.00034981983,3979.153,0.30511805,0.0037184157,0.2730773,0.009999999776482582
18332.71927468665,7538.4376554742485,13663.190057091215,1300.0,8,10400,False,842400,648,81,cd41506d7639483cb48e58d7e60352e0,2024-03-11_19-08-12,1710198492,47.15795660018921,3678.5565485954285,12147,Kurukshetra,192.168.68.14,3678.5565485954285,842400,81,4,a5aaf1e0,0,-1904.319476801902,876.2688952684402,369.57506240441484,14.21020962011692,1.5473702625297248,0.7720659316950104,5885952,842400,44844.044,9.276,1191.144,3.696,34.66119402985075,26.33731343283583,3.3087224995159173e-25,4.999999873689376e-05,4990.4326,-0.00043891114,4990.436,0.2862735,0.0042588217,0.26823843,0.009999999776482582
18332.71927468665,4166.54768917866,13479.188998451991,1300.0,8,10400,False,852800,656,82,cd41506d7639483cb48e58d7e60352e0,2024-03-11_19-09-00,1710198540,48.15970206260681,3726.7162506580353,12147,Kurukshetra,192.168.68.14,3726.7162506580353,852800,82,4,a5aaf1e0,0,-1904.319476801902,876.2688952684402,364.59802538414914,14.214526538557358,1.547220882536544,0.7714438694978307,5972224,852800,45002.62,9.323,1205.428,3.667,34.20724637681159,26.402898550724647,1.6543612497579586e-25,4.999999873689376e-05,5058.9575,-0.00048478067,5058.9614,0.30947527,0.0032235126,0.28461978,0.009999999776482582
19650.777747780085,4166.54768917866,13675.892783858408,1300.0,8,10400,False,863200,664,83,cd41506d7639483cb48e58d7e60352e0,2024-03-11_19-09-46,1710198586,45.401270627975464,3772.1175212860107,12147,Kurukshetra,192.168.68.14,3772.1175212860107,863200,83,4,a5aaf1e0,0,-1904.319476801902,876.2688952684402,369.91865793503945,14.21904993832029,1.5470794608511824,0.7708359171960038,6053760,863200,45009.06,9.342,1213.124,3.578,35.26615384615385,26.38923076923077,8.271806248789793e-26,4.999999873689376e-05,5056.4585,-0.00015090437,5056.461,0.2745127,0.0023227914,0.26415414,0.009999999776482582
19650.777747780085,4166.54768917866,13673.828145797397,1300.0,8,10400,False,873600,672,84,cd41506d7639483cb48e58d7e60352e0,2024-03-11_19-10-33,1710198633,47.34859108924866,3819.4661123752594,12147,Kurukshetra,192.168.68.14,3819.4661123752594,873600,84,4,a5aaf1e0,0,-1904.319476801902,876.2688952684402,369.862811625572,14.223804162157798,1.5469153662154087,0.770205571769392,6137984,873600,45264.367,9.411,1225.056,3.572,34.388059701492544,26.40149253731344,4.1359031243948966e-26,4.999999873689376e-05,5075.7354,-0.0003543816,5075.7383,0.29817325,0.0042450097,0.2604472,0.009999999776482582
21365.87046958506,4166.54768917866,13842.132746036832,1300.0,8,10400,False,884000,680,85,cd41506d7639483cb48e58d7e60352e0,2024-03-11_19-11-18,1710198678,44.83257865905762,3864.298691034317,12147,Kurukshetra,192.168.68.14,3864.298691034317,884000,85,4,a5aaf1e0,0,-1904.319476801902,877.7930029630661,374.41527579217825,14.228227269596745,1.5467418753369577,0.7695580949734858,6217472,884000,45421.381,9.554,1239.518,3.512,35.265625,26.4125,2.0679515621974483e-26,4.999999873689376e-05,5665.293,7.271181e-05,5665.2954,0.291849,0.0014641404,0.25360408,0.009999999776482582
21365.87046958506,4166.54768917866,13769.101644322218,1300.0,8,10400,False,894400,688,86,cd41506d7639483cb48e58d7e60352e0,2024-03-11_19-12-09,1710198729,51.21125268936157,3915.5099437236786,12147,Kurukshetra,192.168.68.14,3915.5099437236786,894400,86,4,a5aaf1e0,0,-1904.319476801902,877.7930029630661,372.33914668259104,14.233797741712175,1.5465940063016945,0.768918545512192,6307584,894400,45979.177,9.683,1261.376,3.468,34.516216216216215,26.409459459459462,1.0339757810987241e-26,4.999999873689376e-05,4392.069,-0.0006734378,4392.0723,0.32661286,0.004258023,0.23754562,0.009999999776482582
21365.87046958506,4166.54768917866,13748.485264752058,1300.0,8,10400,False,904800,696,87,cd41506d7639483cb48e58d7e60352e0,2024-03-11_19-12-58,1710198778,48.37026762962341,3963.880211353302,12147,Kurukshetra,192.168.68.14,3963.880211353302,904800,87,4,a5aaf1e0,0,-1904.319476801902,886.018354177475,371.7816458829653,14.240614240990185,1.5465100088308832,0.7683067594883238,6390016,904800,46420.888,9.908,1292.826,3.467,35.25507246376812,26.404347826086962,5.169878905493621e-27,4.999999873689376e-05,5393.9775,-0.0004375047,5393.98,0.2909853,0.0035529628,0.22329785,0.009999999776482582
21365.87046958506,4166.54768917866,13734.853427696235,1300.0,8,10400,False,915200,704,88,cd41506d7639483cb48e58d7e60352e0,2024-03-11_19-13-48,1710198828,50.01393389701843,4013.8941452503204,12147,Kurukshetra,192.168.68.14,4013.8941452503204,915200,88,4,a5aaf1e0,0,-1904.319476801902,886.018354177475,371.4130185964369,14.248938160040407,1.5465934025206445,0.7677676505791885,6473600,915200,46801.286,10.928,1366.459,3.419,39.68732394366197,26.856338028169024,2.5849394527468104e-27,4.999999873689376e-05,5311.081,-0.00021918828,5311.0835,0.29079926,0.0036926873,0.21442865,0.009999999776482582
21365.87046958506,4166.54768917866,13687.55659954747,1300.0,8,10400,False,925600,712,89,cd41506d7639483cb48e58d7e60352e0,2024-03-11_19-14-52,1710198892,63.89713191986084,4077.7912771701813,12147,Kurukshetra,192.168.68.14,4077.7912771701813,925600,89,4,a5aaf1e0,0,-1904.319476801902,899.5351889133453,370.23415200290697,14.263068100229319,1.5470134140663605,0.7675603124267877,6562560,925600,48282.572,11.307,1423.0,3.488,46.53296703296702,28.13186813186814,1.2924697263734052e-27,4.999999873689376e-05,4776.5757,5.7831085e-06,4776.5776,0.30864906,0.002564288,0.19283557,0.009999999776482582
21365.87046958506,4166.54768917866,13581.821317280011,1300.0,8,10400,False,936000,720,90,cd41506d7639483cb48e58d7e60352e0,2024-03-11_19-15-54,1710198954,62.53515100479126,4140.3264281749725,12147,Kurukshetra,192.168.68.14,4140.3264281749725,936000,90,4,a5aaf1e0,0,-1904.319476801902,899.5351889133453,367.3741227286992,14.282431038863951,1.5476839772177409,0.767646756425861,6652416,936000,49384.343,12.036,1478.956,3.569,46.31444444444445,28.159999999999997,6.462348631867026e-28,4.999999873689376e-05,4534.5073,-0.000521032,4534.5093,0.32861686,0.004476146,0.176235,0.009999999776482582
21365.87046958506,4166.54768917866,13577.423573814385,1300.0,8,10400,False,946400,728,91,cd41506d7639483cb48e58d7e60352e0,2024-03-11_19-16-55,1710199015,60.229873180389404,4200.556301355362,12147,Kurukshetra,192.168.68.14,4200.556301355362,946400,91,4,a5aaf1e0,0,-1904.319476801902,899.5351889133453,367.35453392354935,14.305888144280596,1.5485420921944715,0.767998066436786,6741632,946400,50647.349,12.319,1522.66,3.605,45.41046511627907,28.352325581395352,3.231174315933513e-28,4.999999873689376e-05,4683.1284,-0.00048216473,4683.1304,0.31375167,0.0016281604,0.1615446,0.009999999776482582
21365.87046958506,4166.54768917866,13799.956862879844,1300.0,8,10400,False,956800,736,92,cd41506d7639483cb48e58d7e60352e0,2024-03-11_19-17-58,1710199078,63.1722092628479,4263.72851061821,12147,Kurukshetra,192.168.68.14,4263.72851061821,956800,92,4,a5aaf1e0,0,-1904.319476801902,899.5351889133453,373.27446207411003,14.332857114090029,1.5495974399705874,0.7686483183042379,6824576,956800,52091.126,12.695,1579.116,3.671,47.812222222222225,28.328888888888887,1.6155871579667565e-28,4.999999873689376e-05,5142.222,0.00014216406,5142.2236,0.30450916,0.0017478676,0.1541789,0.009999999776482582
21365.87046958506,4166.54768917866,13956.672674120977,1300.0,8,10400,False,967200,744,93,cd41506d7639483cb48e58d7e60352e0,2024-03-11_19-19-00,1710199140,61.51155614852905,4325.240066766739,12147,Kurukshetra,192.168.68.14,4325.240066766739,967200,93,4,a5aaf1e0,0,-1904.319476801902,899.5351889133453,377.411375719875,14.36222880442168,1.5508173729454353,0.769548497496009,6908032,967200,53594.71,12.995,1684.586,3.877,45.87045454545454,28.787499999999998,8.077935789833782e-29,4.999999873689376e-05,5339.9326,-0.00024833324,5339.9346,0.3092237,0.0026413966,0.16274525,0.009999999776482582
21365.87046958506,6429.998770927581,14220.775326897263,1300.0,8,10400,False,977600,752,94,cd41506d7639483cb48e58d7e60352e0,2024-03-11_19-20-03,1710199203,63.40258240699768,4388.642649173737,12147,Kurukshetra,192.168.68.14,4388.642649173737,977600,94,4,a5aaf1e0,0,-1351.2580932173878,899.5351889133453,384.55314567055876,14.395244387395394,1.5522662978154391,0.7707378052471506,6990592,977600,55179.417,13.074,1704.68,4.219,47.00666666666667,28.932222222222222,4.038967894916891e-29,4.999999873689376e-05,5330.9478,-0.00010258301,5330.949,0.28127578,0.0028087378,0.14459889,0.009999999776482582
21365.87046958506,6429.998770927581,14270.34137410771,1300.0,8,10400,False,988000,760,95,cd41506d7639483cb48e58d7e60352e0,2024-03-11_19-20-56,1710199256,52.74972319602966,4441.392372369766,12147,Kurukshetra,192.168.68.14,4441.392372369766,988000,95,4,a5aaf1e0,0,-1351.2580932173878,899.5351889133453,385.8934930802517,14.429433359915297,1.5537819202695733,0.7719925678750588,7075840,988000,55953.693,13.172,1721.754,4.392,37.66315789473684,27.74868421052631,2.0194839474584456e-29,4.999999873689376e-05,5185.349,-0.0008937473,5185.3506,0.30379245,0.0035599358,0.12542088,0.009999999776482582
21365.87046958506,6429.998770927581,14258.748043859234,1300.0,8,10400,False,998400,768,96,cd41506d7639483cb48e58d7e60352e0,2024-03-11_19-21-54,1710199314,58.255990982055664,4499.648363351822,12147,Kurukshetra,192.168.68.14,4499.648363351822,998400,96,4,a5aaf1e0,0,-1351.2580932173878,905.9027767181396,385.57999036936803,14.466745610474641,1.5555158497520167,0.7734460567020155,7162752,998400,56646.139,13.194,1733.644,4.595,43.74698795180722,28.11807228915663,1.0097419737292228e-29,4.999999873689376e-05,4920.2583,-0.000102682214,4920.26,0.31257808,0.002771458,0.11104558,0.009999999776482582
19328.5060310252,6429.998770927581,14367.23271404531,1300.0,8,10400,False,1008800,776,97,cd41506d7639483cb48e58d7e60352e0,2024-03-11_19-22-42,1710199362,47.854777812957764,4547.50314116478,12147,Kurukshetra,192.168.68.14,4547.50314116478,1008800,97,4,a5aaf1e0,0,-1351.2580932173878,905.9027767181396,388.6186830956265,14.50362298877499,1.557234095792519,0.7748963523649113,7245568,1008800,56617.925,13.179,1710.574,4.57,34.62058823529412,26.995588235294115,5.048709868646114e-30,4.999999873689376e-05,5210.634,-0.0006638599,5210.636,0.3116136,0.004208569,0.10106653,0.009999999776482582
19328.5060310252,6429.998770927581,14234.27783502562,1300.0,8,10400,False,1019200,784,98,cd41506d7639483cb48e58d7e60352e0,2024-03-11_19-23-39,1710199419,56.557485818862915,4604.060626983643,12147,Kurukshetra,192.168.68.14,4604.060626983643,1019200,98,4,a5aaf1e0,0,-1418.549785565585,905.9027767181396,385.02239207534814,14.542347812568421,1.559038409439246,0.7763724468225383,7348096,1019200,57308.526,12.49,1674.777,4.585,36.41481481481482,27.09629629629629,2.524354934323057e-30,4.999999873689376e-05,3802.3247,-0.00018132161,3802.3252,0.3271556,0.002085415,0.078820124,0.009999999776482582
19328.5060310252,4184.950981277798,14020.674141320775,1300.0,8,10400,False,1029600,792,99,cd41506d7639483cb48e58d7e60352e0,2024-03-11_19-24-50,1710199490,70.95463109016418,4675.015258073807,12147,Kurukshetra,192.168.68.14,4675.015258073807,1029600,99,4,a5aaf1e0,0,-1453.3195215016603,905.9027767181396,379.24463460429473,14.585882831536345,1.561109272152637,0.7780699779570708,7453312,1029600,57908.984,13.307,1778.078,4.482,45.86930693069307,28.23465346534653,1.2621774671615285e-30,4.999999873689376e-05,3545.2202,-0.00024531255,3545.2207,0.3717049,0.0020654525,0.06105707,0.009999999776482582
19328.5060310252,4184.950981277798,13880.768636442428,1300.0,8,10400,False,1040000,800,100,cd41506d7639483cb48e58d7e60352e0,2024-03-11_19-25-56,1710199556,65.80596685409546,4740.821224927902,12147,Kurukshetra,192.168.68.14,4740.821224927902,1040000,100,4,a5aaf1e0,0,-1453.3195215016603,905.9027767181396,375.46033639281654,14.633732824689183,1.5633262103926036,0.7799823488767933,7550720,1040000,58272.569,12.728,1742.417,4.734,46.23894736842106,28.159999999999993,6.3108873358076425e-31,4.999999873689376e-05,4123.25,-0.00033928765,4123.2505,0.3570008,0.001782768,0.031666666,0.009999999776482582
19328.5060310252,4184.950981277798,13592.468978025521,1300.0,8,10400,False,1050400,808,101,cd41506d7639483cb48e58d7e60352e0,2024-03-11_19-27-03,1710199623,67.20617580413818,4808.02740073204,12147,Kurukshetra,192.168.68.14,4808.02740073204,1050400,101,4,a5aaf1e0,0,-1453.3195215016603,909.7356941699982,367.562708978516,14.68305699248554,1.5655486154581495,0.7818806372058849,7650432,1050400,58941.904,12.897,1770.156,4.794,43.91979166666667,28.52604166666666,3.1554436679038213e-31,4.999999873689376e-05,4137.776,-0.00031969667,4137.777,0.38517353,0.0034000545,0.03213042,0.009999999776482582
19328.5060310252,4184.950981277798,13483.948107719838,1300.0,8,10400,False,1060800,816,102,cd41506d7639483cb48e58d7e60352e0,2024-03-11_19-28-08,1710199688,64.9117522239685,4872.939152956009,12147,Kurukshetra,192.168.68.14,4872.939152956009,1060800,102,4,a5aaf1e0,0,-1606.652029746785,909.7356941699982,364.6281262228187,14.731599707514787,1.5676227432943899,0.7836591511628228,7750528,1060800,59079.883,12.902,1805.472,4.782,45.86739130434783,28.118478260869562,1.5777218339519106e-31,4.999999873689376e-05,3904.6067,-1.8451981e-05,3904.6067,0.3834341,0.0023525578,0.024855116,0.009999999776482582
19328.5060310252,4184.950981277798,13537.936933687828,1300.0,8,10400,False,1071200,824,103,cd41506d7639483cb48e58d7e60352e0,2024-03-11_19-29-17,1710199757,68.98126482963562,4941.9204177856445,12147,Kurukshetra,192.168.68.14,4941.9204177856445,1071200,103,4,a5aaf1e0,0,-1606.652029746785,910.5359439849854,365.9891033708523,14.7803630894778,1.5697270420002292,0.7854239321475721,7844864,1071200,59843.328,13.241,1789.138,4.798,46.01616161616162,28.580808080808087,7.888609169759553e-32,4.999999873689376e-05,4464.957,0.00015261701,4464.957,0.3627697,0.0010235043,0.020848315,0.009999999776482582
19328.5060310252,4184.950981277798,13551.921586945835,1300.0,8,10400,False,1081600,832,104,cd41506d7639483cb48e58d7e60352e0,2024-03-11_19-30-23,1710199823,65.32576155662537,5007.24617934227,12147,Kurukshetra,192.168.68.14,5007.24617934227,1081600,104,4,a5aaf1e0,0,-1606.652029746785,911.1427465677261,366.36716915236104,14.828329692507639,1.571857853731914,0.7870996084968545,7938176,1081600,59966.806,14.764,1856.477,4.508,45.58064516129032,28.80967741935484,3.9443045848797766e-32,4.999999873689376e-05,4736.99,-5.342473e-05,4736.99,0.35435855,0.0027019114,0.01234163,0.009999999776482582
19328.5060310252,4184.950981277798,13375.427035150584,1300.0,8,10400,False,1092000,840,105,cd41506d7639483cb48e58d7e60352e0,2024-03-11_19-31-31,1710199891,67.86372399330139,5075.109903335571,12147,Kurukshetra,192.168.68.14,5075.109903335571,1092000,105,4,a5aaf1e0,0,-1606.652029746785,911.1427465677261,361.5957565598968,14.876812072900108,1.5740388046188263,0.788733829206124,8032896,1092000,61409.319,15.798,1923.623,4.554,46.705154639175255,28.99381443298969,1.9721522924398883e-32,4.999999873689376e-05,4492.4634,-2.8881632e-05,4492.4634,0.3488633,0.002746943,0.01658373,0.009999999776482582
19328.5060310252,4184.950981277798,13215.731631526454,1300.0,8,10400,False,1102400,848,106,cd41506d7639483cb48e58d7e60352e0,2024-03-11_19-32-40,1710199960,69.59305357933044,5144.702956914902,12147,Kurukshetra,192.168.68.14,5144.702956914902,1102400,106,4,a5aaf1e0,0,-1631.3030680688098,913.2809835672379,357.2784977433483,14.926146982324811,1.5762670289475025,0.790335432788188,8133632,1102400,62480.136,16.789,1984.562,4.53,46.416,29.11200000000001,9.860761462199441e-33,4.999999873689376e-05,3915.3914,-0.0002057663,3915.3914,0.39063814,0.0029391663,-0.001607471,0.009999999776482582
19328.5060310252,4184.950981277798,13049.557390137554,1300.0,8,10400,False,1112800,856,107,cd41506d7639483cb48e58d7e60352e0,2024-03-11_19-33-44,1710200024,63.10080075263977,5207.8037576675415,12147,Kurukshetra,192.168.68.14,5207.8037576675415,1112800,107,4,a5aaf1e0,0,-1631.3030680688098,919.6091598272324,352.78608786530305,14.97646333307306,1.5785495763349962,0.7919500343397153,8230784,1112800,63999.762,17.315,1988.569,4.675,44.46111111111111,28.756666666666664,4.930380731099721e-33,4.999999873689376e-05,4147.2837,0.00022636101,4147.2837,0.37461293,0.0008928627,0.0014953266,0.009999999776482582
19328.5060310252,4184.950981277798,12968.953007622404,1300.0,8,10400,False,1123200,864,108,cd41506d7639483cb48e58d7e60352e0,2024-03-11_19-34-49,1710200089,65.4663815498352,5273.270139217377,12147,Kurukshetra,192.168.68.14,5273.270139217377,1123200,108,4,a5aaf1e0,0,-1631.3030680688098,919.6091598272324,350.60700209846993,15.028051181582642,1.580897248316827,0.7936230527287361,8324736,1123200,64876.883,17.956,2002.2,4.708,44.25698924731182,28.438709677419357,2.4651903655498604e-33,4.999999873689376e-05,4663.1772,-2.6563208e-05,4663.1772,0.3641835,0.0014347924,-0.00022666623,0.009999999776482582
18224.683412368875,4184.950981277798,12880.576027152496,1300.0,8,10400,False,1133600,872,109,cd41506d7639483cb48e58d7e60352e0,2024-03-11_19-35-54,1710200154,64.36051034927368,5337.63064956665,12147,Kurukshetra,192.168.68.14,5337.63064956665,1133600,109,4,a5aaf1e0,0,-1631.3030680688098,919.6091598272324,348.3119531409545,15.081693030746456,1.5833764224634508,0.7954071861197896,8416512,1133600,64305.636,17.081,1916.412,4.761,45.0945652173913,28.585869565217394,1.2325951827749302e-33,4.999999873689376e-05,4625.5586,-6.591791e-05,4625.5586,0.34254497,0.002382324,-0.014742925,0.009999999776482582
18224.683412368875,4184.950981277798,12978.297030864505,1300.0,8,10400,False,1144000,880,110,cd41506d7639483cb48e58d7e60352e0,2024-03-11_19-37-01,1710200221,67.61827635765076,5405.248925924301,12147,Kurukshetra,192.168.68.14,5405.248925924301,1144000,110,4,a5aaf1e0,0,-1631.3030680688098,919.6091598272324,350.8596115399975,15.137754671202792,1.5860303010760683,0.7973888072732954,8510592,1144000,64435.474,17.233,1967.748,4.556,44.92164948453609,28.92989690721649,6.162975913874651e-34,4.999999873689376e-05,4510.7856,-6.457778e-05,4510.785,0.34532157,0.002005886,-0.015448026,0.009999999776482582
19044.11449840991,5609.317182760336,13368.003781664665,1300.0,8,10400,False,1154400,888,111,cd41506d7639483cb48e58d7e60352e0,2024-03-11_19-38-03,1710200283,61.72686457633972,5466.975790500641,12147,Kurukshetra,192.168.68.14,5466.975790500641,1154400,111,4,a5aaf1e0,0,-1631.3030680688098,919.6091598272324,361.4928010185145,15.192489516993728,1.5886389585816785,0.7994508737115477,8598400,1154400,63920.806,17.065,1934.584,4.698,45.449999999999996,29.202272727272724,3.0814879569373254e-34,4.999999873689376e-05,5403.66,-0.00032692557,5403.66,0.3609276,0.0023211327,-0.009803391,0.009999999776482582
19689.100971201435,5609.317182760336,13611.76796135574,1300.0,8,10400,False,1164800,896,112,cd41506d7639483cb48e58d7e60352e0,2024-03-11_19-39-09,1710200349,66.31199955940247,5533.287790060043,12147,Kurukshetra,192.168.68.14,5533.287790060043,1164800,112,4,a5aaf1e0,0,-1631.3030680688098,919.6091598272324,368.08458521784036,15.245652654183704,1.5912017141201968,0.8014960728135785,8690816,1164800,64084.485,18.236,1910.31,4.781,46.96105263157894,29.303157894736838,1.5407439784686627e-34,4.999999873689376e-05,4955.6973,0.00019946042,4955.697,0.36956555,0.0021233433,-0.021962894,0.009999999776482582
19689.100971201435,5609.317182760336,13838.383866621814,1300.0,8,10400,False,1175200,904,113,cd41506d7639483cb48e58d7e60352e0,2024-03-11_19-40-16,1710200416,66.70820355415344,5599.995993614197,12147,Kurukshetra,192.168.68.14,5599.995993614197,1175200,113,4,a5aaf1e0,0,-1631.3030680688098,919.6091598272324,374.2126518826884,15.29797165001095,1.5937240918680033,0.80352615007155,8784512,1175200,63846.471,19.531,1919.946,4.74,46.71368421052632,29.382105263157886,7.703719892343314e-35,4.999999873689376e-05,4655.457,8.6938424e-05,4655.4565,0.35683283,0.002221848,-0.034977507,0.009999999776482582
19689.100971201435,6474.007226499089,14325.778833666975,1300.0,8,10400,False,1185600,912,114,cd41506d7639483cb48e58d7e60352e0,2024-03-11_19-41-17,1710200477,60.641079902648926,5660.637073516846,12147,Kurukshetra,192.168.68.14,5660.637073516846,1185600,114,4,a5aaf1e0,0,-1631.3030680688098,919.6091598272324,387.39261313323357,15.347744383737181,1.5962029174157206,0.8055532501590872,8867968,1185600,63451.391,17.97,1848.136,4.894,44.94252873563219,29.16206896551724,3.851859946171657e-35,4.999999873689376e-05,5601.512,-0.00049448444,5601.5127,0.33982435,0.0035120377,-0.042846736,0.009999999776482582
19689.100971201435,6474.007226499089,14573.397244630023,1300.0,8,10400,False,1196000,920,115,cd41506d7639483cb48e58d7e60352e0,2024-03-11_19-42-22,1710200542,64.96672701835632,5725.603800535202,12147,Kurukshetra,192.168.68.14,5725.603800535202,1196000,115,4,a5aaf1e0,0,-1631.3030680688098,919.6091598272324,394.0886220830185,15.395985738678444,1.598687648558016,0.8076104530953421,8952832,1196000,63187.317,16.995,1823.5,4.783,48.40967741935484,29.317204301075265,1.9259299730858284e-35,4.999999873689376e-05,5604.284,-0.00062510726,5604.2847,0.3425802,0.0047385683,-0.026557855,0.009999999776482582
20483.40844900778,6474.007226499089,14708.767325512665,1300.0,8,10400,False,1206400,928,116,cd41506d7639483cb48e58d7e60352e0,2024-03-11_19-43-15,1710200595,52.74199914932251,5778.3457996845245,12147,Kurukshetra,192.168.68.14,5778.3457996845245,1206400,116,4,a5aaf1e0,0,-1631.3030680688098,919.6091598272324,397.7492516363619,15.440678847630483,1.6009547297123203,0.8094960270577057,9037952,1206400,61589.822,15.876,1738.188,4.789,39.483999999999995,28.845333333333336,9.629649865429142e-36,4.999999873689376e-05,5684.29,-8.9373265e-05,5684.2896,0.35323432,0.0025616437,-0.04910103,0.009999999776482582
20483.40844900778,6474.007226499089,14923.739989343812,1300.0,8,10400,False,1216800,936,117,cd41506d7639483cb48e58d7e60352e0,2024-03-11_19-44-02,1710200642,47.362311601638794,5825.708111286163,12147,Kurukshetra,192.168.68.14,5825.708111286163,1216800,117,4,a5aaf1e0,0,-1631.3030680688098,919.6091598272324,403.562465909784,15.480946037671687,1.6029370859796854,0.81113527910222,9125504,1216800,60015.981,15.378,1739.059,4.734,34.42205882352942,27.904411764705888,4.814824932714571e-36,4.999999873689376e-05,5193.174,-0.00012782887,5193.174,0.3351157,0.0025044477,-0.05924777,0.009999999776482582
20483.40844900778,6474.007226499089,15230.315249375457,1300.0,8,10400,False,1227200,944,118,cd41506d7639483cb48e58d7e60352e0,2024-03-11_19-44-52,1710200692,49.70567321777344,5875.413784503937,12147,Kurukshetra,192.168.68.14,5875.413784503937,1227200,118,4,a5aaf1e0,0,-1580.7624750379473,924.8612452745438,411.85276499122386,15.516086292771156,1.6046237245504835,0.8125253056042544,9212672,1227200,58458.172,14.736,1721.751,4.707,35.9718309859155,28.208450704225356,2.4074124663572855e-36,4.999999873689376e-05,5336.705,-3.9100298e-05,5336.7046,0.34332317,0.0022673772,-0.064394355,0.009999999776482582
20483.40844900778,6474.007226499089,15453.21553797259,1300.0,8,10400,False,1237600,952,119,cd41506d7639483cb48e58d7e60352e0,2024-03-11_19-45-47,1710200747,55.08850622177124,5930.502290725708,12147,Kurukshetra,192.168.68.14,5930.502290725708,1237600,119,4,a5aaf1e0,0,-1580.7624750379473,924.8612452745438,417.88035527237946,15.547681917735977,1.6061484682844474,0.8137357639110954,9301248,1237600,57582.728,14.64,1670.04,4.779,38.05569620253165,28.201265822784812,1.2037062331786428e-36,4.999999873689376e-05,5131.178,-0.0005331145,5131.178,0.37654915,0.003487041,-0.05667659,0.009999999776482582
20483.40844900778,6474.007226499089,15695.005586102954,1300.0,8,10400,False,1248000,960,120,cd41506d7639483cb48e58d7e60352e0,2024-03-11_19-46-44,1710200804,56.75481033325195,5987.25710105896,12147,Kurukshetra,192.168.68.14,5987.25710105896,1248000,120,4,a5aaf1e0,0,-1262.3343150056899,924.8612452745438,424.418755708571,15.576444343462324,1.607538207612108,0.8148247772729994,9394432,1248000,56557.134,14.342,1609.927,4.674,35.334567901234564,28.05679012345679,6.018531165893214e-37,4.999999873689376e-05,4609.085,0.00012892157,4609.084,0.3617516,0.0018289197,-0.075753346,0.009999999776482582
20483.40844900778,6474.007226499089,15755.221087085023,1300.0,8,10400,False,1258400,968,121,cd41506d7639483cb48e58d7e60352e0,2024-03-11_19-47-38,1710200858,53.255736112594604,6040.512837171555,12147,Kurukshetra,192.168.68.14,6040.512837171555,1258400,121,4,a5aaf1e0,0,-1262.3343150056899,924.8612452745438,425.93190286793794,15.602400831938626,1.6087287471233753,0.8157354477459987,9486464,1258400,55691.397,14.257,1628.98,4.452,35.18289473684211,28.01710526315789,3.009265582946607e-37,4.999999873689376e-05,4701.507,-0.0010016152,4701.507,0.37694633,0.005434843,-0.09359309,0.009999999776482582
20483.40844900778,11694.540754412048,16017.487700256035,1300.0,8,10400,False,1268800,976,122,cd41506d7639483cb48e58d7e60352e0,2024-03-11_19-48-27,1710200907,49.07045102119446,6089.583288192749,12147,Kurukshetra,192.168.68.14,6089.583288192749,1268800,122,4,a5aaf1e0,0,-1262.3343150056899,928.086856842041,433.0221059815094,15.62465920037951,1.6097035904635697,0.8164749787360848,9569536,1268800,54034.26,13.068,1563.655,4.489,35.32571428571429,28.095714285714276,1.5046327914733034e-37,4.999999873689376e-05,6015.977,-0.00040005453,6015.977,0.34516022,0.0023051987,-0.07131565,0.009999999776482582
