episode_reward_max,episode_reward_min,episode_reward_mean,episode_len_mean,episodes_this_iter,timesteps_this_iter,done,timesteps_total,episodes_total,training_iteration,experiment_id,date,timestamp,time_this_iter_s,time_total_s,pid,hostname,node_ip,time_since_restore,timesteps_since_restore,iterations_since_restore,num_healthy_workers,trial_id,experiment_tag,policy_reward_min/follower,policy_reward_max/follower,policy_reward_mean/follower,sampler_perf/mean_env_wait_ms,sampler_perf/mean_processing_ms,sampler_perf/mean_inference_ms,info/num_steps_trained,info/num_steps_sampled,info/sample_time_ms,info/load_time_ms,info/grad_time_ms,info/update_time_ms,perf/cpu_util_percent,perf/ram_util_percent,info/learner/follower/cur_kl_coeff,info/learner/follower/cur_lr,info/learner/follower/total_loss,info/learner/follower/policy_loss,info/learner/follower/vf_loss,info/learner/follower/vf_explained_var,info/learner/follower/kl,info/learner/follower/entropy,info/learner/follower/entropy_coeff
-859491.3582626192,-1741065.1260851647,-1014581.6549636866,4500.0,8,45000,False,45000,8,1,30e139b0c48841ada224184469197339,2024-02-14_13-05-19,1707933919,108.84850668907166,108.84850668907166,22588,Kurukshetra,192.168.68.14,108.84850668907166,45000,1,4,589d08ce,0,-1071884.6251876934,-44498.7123717521,-126822.7068704611,6.49532705363371,1.9731219509149578,0.38820847188518093,359936,45000,103461.4,114.676,4650.925,562.196,16.81153846153846,8.677564102564101,0.20000000298023224,9.999999747378752e-05,9209493.0,0.0029155153,9209493.0,8.8262354e-08,0.0086294515,1.514545,0.10000000149011612
-830171.6011396301,-1741065.1260851647,-942325.3228556133,4500.0,10,45000,False,90000,18,2,30e139b0c48841ada224184469197339,2024-02-14_13-07-04,1707934024,105.33931303024292,214.18781971931458,22588,Kurukshetra,192.168.68.14,214.18781971931458,90000,2,4,589d08ce,0,-1071884.6251876934,-42893.46537691624,-117790.66535695193,6.269317954852762,2.1120652370123176,0.38861225541053507,719872,90000,102156.609,85.117,4524.513,282.391,16.147333333333336,9.443333333333335,0.10000000149011612,7.750000077066943e-05,1188957.1,0.0005484268,1188957.4,-2.0136703e-09,0.0009505016,1.5455791,0.06400000303983688
-820201.2806405982,-1741065.1260851647,-957681.2576053544,4500.0,10,45000,False,135000,28,3,30e139b0c48841ada224184469197339,2024-02-14_13-08-45,1707934125,100.44725823402405,314.6350779533386,22588,Kurukshetra,192.168.68.14,314.6350779533386,135000,3,4,589d08ce,0,-1071884.6251876934,-42893.46537691624,-119710.15720066955,6.15904954191823,2.1692150531199763,0.3894387386456225,1079808,135000,100100.914,74.973,4472.742,189.103,16.850694444444443,9.564583333333335,0.05000000074505806,5.500000042957254e-05,7552492.5,0.00026725983,7552492.5,-6.7193002e-09,0.0009877117,1.5761541,0.02800000086426735
-820201.2806405982,-2358994.7754992447,-1062233.0984712983,4500.0,11,45000,False,180000,39,4,30e139b0c48841ada224184469197339,2024-02-14_13-10-34,1707934234,109.54049682617188,424.1755747795105,22588,Kurukshetra,192.168.68.14,424.1755747795105,180000,4,4,589d08ce,0,-1659097.0196789359,-38972.21896643681,-132779.1373089124,6.0847291313222,2.2234831638231523,0.38990753169090414,1439744,180000,101348.504,70.434,4444.241,142.388,16.108974358974358,9.677564102564101,0.02500000037252903,4.999999873689376e-05,41314816.0,0.00014947086,41314816.0,-6.3589595e-10,0.0016843114,1.6135671,0.01912499964237213
-719416.8538817351,-2358994.7754992447,-1062616.9978754267,4500.0,9,45000,False,225000,48,5,30e139b0c48841ada224184469197339,2024-02-14_13-12-13,1707934333,99.16971111297607,523.3452858924866,22588,Kurukshetra,192.168.68.14,523.3452858924866,225000,5,4,589d08ce,0,-1659097.0196789359,-38972.21896643681,-132827.12473442845,6.043876625488632,2.2432170377731278,0.3904667608512791,1799680,225000,99998.69,67.314,4451.688,114.388,16.91985815602837,9.89148936170213,0.012500000186264515,4.999999873689376e-05,19123062.0,0.00022766311,19123062.0,-7.376393e-09,0.0015464916,1.630986,0.017999999225139618
-719416.8538817351,-2358994.7754992447,-1019347.2498182717,4500.0,11,45000,False,270000,59,6,30e139b0c48841ada224184469197339,2024-02-14_13-13-58,1707934438,104.81134104728699,628.1566269397736,22588,Kurukshetra,192.168.68.14,628.1566269397736,270000,6,4,589d08ce,0,-1659097.0196789359,-38972.21896643681,-127418.40622728404,6.007058211111335,2.269232787286034,0.39109399626891,2159616,270000,100039.275,65.326,4456.31,95.743,16.946666666666665,10.041999999999998,0.0062500000931322575,4.999999873689376e-05,987681.3,-9.711691e-05,987681.44,-5.8078493e-09,0.0004195648,1.6359261,0.016875000670552254
-719416.8538817351,-2358994.7754992447,-1009421.0302712948,4500.0,9,45000,False,315000,68,7,30e139b0c48841ada224184469197339,2024-02-14_13-15-38,1707934538,100.18900680541992,728.3456337451935,22588,Kurukshetra,192.168.68.14,728.3456337451935,315000,7,4,589d08ce,0,-1659097.0196789359,-38972.21896643681,-126177.62878391193,5.985421346555399,2.2813013372229833,0.39169916889283174,2519552,315000,99401.154,64.006,4466.313,82.378,17.044755244755244,10.2,0.0031250000465661287,4.999999873689376e-05,11321211.0,3.1915406e-05,11321211.0,-5.1295603e-09,0.0014015597,1.6588401,0.01575000025331974
-701085.750051338,-2358994.7754992447,-985201.3389636968,4500.0,11,45000,False,360000,79,8,30e139b0c48841ada224184469197339,2024-02-14_13-17-31,1707934651,112.22901463508606,840.5746483802795,22588,Kurukshetra,192.168.68.14,840.5746483802795,360000,8,4,589d08ce,0,-1659097.0196789359,-38972.21896643681,-123150.16737046215,5.970376246771235,2.299229755076623,0.3938886701475655,2879488,360000,100311.96,63.478,4586.14,72.371,18.96625,10.468125,0.0015625000232830644,4.999999873689376e-05,4570381.5,9.554773e-05,4570381.5,-1.4625606e-09,0.00047548808,1.6827016,0.014624999836087227
-671938.1717384672,-2358994.7754992447,-959777.4909755505,4500.0,9,45000,False,405000,88,9,30e139b0c48841ada224184469197339,2024-02-14_13-19-49,1707934789,138.1916093826294,978.7662577629089,22588,Kurukshetra,192.168.68.14,978.7662577629089,405000,9,4,589d08ce,0,-1659097.0196789359,-38972.21896643681,-119972.18637194383,5.986316688560441,2.316618630892579,0.39991906963605284,3239424,405000,103941.796,63.683,4644.242,64.859,31.688324873096448,11.468527918781726,0.0007812500116415322,4.999999873689376e-05,792805.94,-3.524292e-05,792805.94,-3.4550345e-09,0.0003126291,1.6870832,0.013500000350177288
-648165.4805179021,-2358994.7754992447,-943927.986012747,4500.0,11,45000,False,450000,99,10,30e139b0c48841ada224184469197339,2024-02-14_13-22-22,1707934942,153.4388074874878,1132.2050652503967,22588,Kurukshetra,192.168.68.14,1132.2050652503967,450000,10,4,589d08ce,0,-1659097.0196789359,-38972.21896643681,-117990.9982515934,6.027314529955916,2.345622262169858,0.41048070574022494,3599360,450000,108203.746,65.764,4853.301,58.648,33.721461187214615,11.972146118721463,0.0003906250058207661,4.999999873689376e-05,7467647.5,0.00014136899,7467647.5,-5.2779363e-09,0.00065791846,1.6886123,0.012374999932944775
-642325.7945581254,-2358994.7754992447,-920041.606706054,4500.0,9,45000,False,495000,108,11,30e139b0c48841ada224184469197339,2024-02-14_13-24-45,1707935085,142.48565101623535,1274.690716266632,22588,Kurukshetra,192.168.68.14,1274.690716266632,495000,11,4,589d08ce,0,-1659097.0196789359,-38972.21896643681,-115005.20083825674,6.036265607903925,2.4000512189402063,0.4229847526797954,3959296,495000,111625.051,60.704,4859.221,2.909,32.73627450980392,12.17156862745098,0.00019531250291038305,4.999999873689376e-05,5133728.5,1.664394e-06,5133728.5,-6.019815e-09,0.0005747354,1.7182417,0.011250000447034836
-635832.2416002831,-2358994.7754992447,-912044.1117853145,4500.0,11,45000,False,540000,119,12,30e139b0c48841ada224184469197339,2024-02-14_13-27-23,1707935243,158.0447700023651,1432.7354862689972,22588,Kurukshetra,192.168.68.14,1432.7354862689972,540000,12,4,589d08ce,0,-1659097.0196789359,-38972.21896643681,-114005.51397316433,6.106467937491292,2.451793468824169,0.4418958102918837,4319232,540000,116576.053,66.565,5170.399,2.905,30.544444444444444,12.359111111111112,9.765625145519152e-05,4.999999873689376e-05,1655522.5,-1.0067504e-05,1655522.5,-6.910069e-09,0.0003067793,1.7107899,0.010125000029802322
-635832.2416002831,-2358994.7754992447,-892301.9490727049,4500.0,9,45000,False,585000,128,13,30e139b0c48841ada224184469197339,2024-02-14_13-29-43,1707935383,139.62716221809387,1572.362648487091,22588,Kurukshetra,192.168.68.14,1572.362648487091,585000,13,4,589d08ce,0,-1659097.0196789359,-38972.21896643681,-111537.74363408808,6.184454309759235,2.492573281396046,0.45927712762417267,4679168,585000,120340.673,69.553,5319.772,3.137,31.798994974874372,12.503015075376887,4.882812572759576e-05,4.999999873689376e-05,2861286.8,-9.584749e-05,2861286.8,-5.023578e-09,0.0006164054,1.7321031,0.009999999776482582
-635832.2416002831,-2308865.286184397,-822713.8789257553,4500.0,11,45000,False,630000,139,14,30e139b0c48841ada224184469197339,2024-02-14_13-32-06,1707935526,143.1894130706787,1715.5520615577698,22588,Kurukshetra,192.168.68.14,1715.5520615577698,630000,14,4,589d08ce,0,-1649464.066725134,-39159.124355553686,-102839.23486571934,6.295479806290508,2.5363236231359005,0.48213401303115544,5039104,630000,123561.05,72.621,5459.38,3.218,31.379024390243902,12.376097560975607,2.441406286379788e-05,4.999999873689376e-05,882779.06,-8.038924e-05,882779.06,-5.8926357e-09,0.00033772909,1.7211207,0.009999999776482582
-578280.2107259555,-1961333.8378913747,-786814.7188324906,4500.0,9,45000,False,675000,148,15,30e139b0c48841ada224184469197339,2024-02-14_13-34-24,1707935664,138.38989639282227,1853.941957950592,22588,Kurukshetra,192.168.68.14,1853.941957950592,675000,15,4,589d08ce,0,-1337901.320828948,-39159.124355553686,-98351.83985406123,6.39565697393823,2.576752650493619,0.5020385344902283,5399040,675000,127350.242,76.106,5586.921,3.299,31.743147208121826,12.859898477157358,1.220703143189894e-05,4.999999873689376e-05,591622.94,-0.00027064796,591622.94,-5.4899014e-09,0.0007905431,1.7158582,0.009999999776482582
-574651.9635423654,-1961333.8378913747,-762706.6612064986,4500.0,11,45000,False,720000,159,16,30e139b0c48841ada224184469197339,2024-02-14_13-36-47,1707935807,142.93775701522827,1996.8797149658203,22588,Kurukshetra,192.168.68.14,1996.8797149658203,720000,16,4,589d08ce,0,-1337901.320828948,-39159.124355553686,-95338.33265081223,6.526616435333995,2.623875053157442,0.5275039710077863,5758976,720000,131130.824,77.237,5617.566,3.439,31.509313725490195,13.04705882352941,6.10351571594947e-06,4.999999873689376e-05,317639.84,-0.00042773836,317639.84,-5.6382774e-09,0.0009030782,1.707993,0.009999999776482582
-515575.38364379643,-1449434.8025186919,-726064.5718573759,4500.0,9,45000,False,765000,168,17,30e139b0c48841ada224184469197339,2024-02-14_13-39-09,1707935949,141.5739438533783,2138.4536588191986,22588,Kurukshetra,192.168.68.14,2138.4536588191986,765000,17,4,589d08ce,0,-785692.466112595,-39159.124355553686,-90758.0714821719,6.640172772116496,2.6655201118343173,0.5493724710310587,6118912,765000,135088.604,80.036,5793.913,3.494,31.819801980198022,13.186138613861386,3.051757857974735e-06,4.999999873689376e-05,212783.44,-0.0006061016,212783.44,-4.196913e-09,0.0010631382,1.7021401,0.009999999776482582
-453712.701885329,-1449434.8025186919,-690409.5444961148,4500.0,11,45000,False,810000,179,18,30e139b0c48841ada224184469197339,2024-02-14_13-41-31,1707936091,142.3090968132019,2280.7627556324005,22588,Kurukshetra,192.168.68.14,2280.7627556324005,810000,18,4,589d08ce,0,-785692.466112595,-39159.124355553686,-86301.19306201428,6.78076887832185,2.7130269967752416,0.5757351196597643,6478848,810000,138210.29,79.542,5682.756,3.7,30.589655172413792,13.163546798029556,1.5258789289873675e-06,4.999999873689376e-05,177464.98,-0.0006311156,177465.0,-5.2991327e-09,0.0010420104,1.7083102,0.009999999776482582
-453712.701885329,-1449434.8025186919,-667705.3924934282,4500.0,9,45000,False,855000,188,19,30e139b0c48841ada224184469197339,2024-02-14_13-43-17,1707936197,105.81731295585632,2386.580068588257,22588,Kurukshetra,192.168.68.14,2386.580068588257,855000,19,4,589d08ce,0,-785692.466112595,-39159.124355553686,-83463.17406167847,6.868718907980051,2.744443203368909,0.5923106915309752,6838784,855000,135012.221,79.097,5643.871,3.462,17.023841059602653,12.328476821192053,7.629394644936838e-07,4.999999873689376e-05,146489.34,-0.00048612192,146489.36,-5.4899014e-09,0.00081053295,1.6962644,0.009999999776482582
-453712.701885329,-1313493.2409491779,-629879.2374923817,4500.0,11,45000,False,900000,199,20,30e139b0c48841ada224184469197339,2024-02-14_13-45-29,1707936329,131.63825488090515,2518.218323469162,22588,Kurukshetra,192.168.68.14,2518.218323469162,900000,20,4,589d08ce,0,-785692.466112595,-39159.124355553686,-78734.90468654764,6.951221520354334,2.772023665566221,0.6078914145885583,7198720,900000,132861.317,81.044,5612.796,3.462,27.289361702127657,13.242021276595743,3.814697322468419e-07,4.999999873689376e-05,139392.78,-0.00043722356,139392.8,-8.1818605e-09,0.00071308494,1.6892083,0.009999999776482582
-453712.701885329,-1313493.2409491779,-604953.7749282366,4500.0,9,45000,False,945000,208,21,30e139b0c48841ada224184469197339,2024-02-14_13-47-57,1707936477,148.10849380493164,2666.3268172740936,22588,Kurukshetra,192.168.68.14,2666.3268172740936,945000,21,4,589d08ce,0,-785692.466112595,-39159.124355553686,-75619.22186602949,7.008712815754574,2.792520326111304,0.6186732106003013,7558656,945000,133268.957,84.569,5762.182,3.365,35.92227488151659,14.698578199052132,1.9073486612342094e-07,4.999999873689376e-05,129777.33,-0.0005209033,129777.34,-3.836572e-09,0.0007315315,1.6869152,0.009999999776482582
-448472.0952799839,-1199592.5215804407,-566650.7579485994,4500.0,11,45000,False,990000,219,22,30e139b0c48841ada224184469197339,2024-02-14_13-50-32,1707936632,155.59085512161255,2821.917672395706,22588,Kurukshetra,192.168.68.14,2821.917672395706,990000,22,4,589d08ce,0,-522642.443120615,-42824.01245318583,-70831.3447435748,7.06551690627738,2.812404874034533,0.6291666648740973,7918592,990000,132923.716,84.615,5860.825,3.543,33.46576576576577,15.086936936936933,9.536743306171047e-08,4.999999873689376e-05,125755.59,-0.0003551164,125755.62,-2.5859768e-09,0.00068764697,1.6865144,0.009999999776482582
-446638.40944445785,-775954.6333594591,-536935.2286728888,4500.0,9,45000,False,1035000,228,23,30e139b0c48841ada224184469197339,2024-02-14_13-53-28,1707936808,175.23117923736572,2997.148851633072,22588,Kurukshetra,192.168.68.14,2997.148851633072,1035000,23,4,589d08ce,0,-204213.9323423118,-42824.01245318583,-67116.903584111,7.113874769772249,2.8297080689358767,0.6376203870826392,8278528,1035000,136412.764,86.082,5928.291,3.491,36.390800000000006,15.294800000000002,4.7683716530855236e-08,4.999999873689376e-05,121880.99,-0.00020567206,121881.0,-2.4587976e-09,0.00050146074,1.6841706,0.009999999776482582
-446638.40944445785,-745319.8629723797,-510407.0336862236,4500.0,11,45000,False,1080000,239,24,30e139b0c48841ada224184469197339,2024-02-14_13-56-08,1707936968,160.62380862236023,3157.772660255432,22588,Kurukshetra,192.168.68.14,3157.772660255432,1080000,24,4,589d08ce,0,-156308.08554148857,-42829.28057499674,-63800.879210777886,7.170892430945115,2.8500329673653355,0.6473301644948621,8638464,1080000,138126.588,87.19,5956.496,3.611,34.84454148471615,14.838427947598253,2.3841858265427618e-08,4.999999873689376e-05,124871.875,-0.00017305205,124871.9,-4.0485375e-09,0.0003631312,1.6786307,0.009999999776482582
-446638.40944445785,-682585.4535236827,-491145.827394481,4500.0,9,45000,False,1125000,248,25,30e139b0c48841ada224184469197339,2024-02-14_13-58-25,1707937105,136.45721077919006,3294.229871034622,22588,Kurukshetra,192.168.68.14,3294.229871034622,1125000,25,4,589d08ce,0,-131895.17832005772,-42829.28057499674,-61393.22842431007,7.213851859004424,2.8647335937253637,0.6545270804575657,8998400,1125000,138055.436,83.964,5838.992,3.749,28.896923076923073,14.415897435897433,1.1920929132713809e-08,4.999999873689376e-05,120879.5,-0.0001182617,120879.52,-4.0061443e-09,0.00034164882,1.6816034,0.009999999776482582
-443649.32075181266,-560178.6763814945,-473377.58402559994,4500.0,11,45000,False,1170000,259,26,30e139b0c48841ada224184469197339,2024-02-14_14-00-26,1707937226,121.21905612945557,3415.4489271640778,22588,Kurukshetra,192.168.68.14,3415.4489271640778,1170000,26,4,589d08ce,0,-105847.27559743772,-42829.28057499674,-59172.19800319995,7.256354474734833,2.878395137978998,0.6614255367693829,9358336,1170000,135919.438,82.946,5804.367,3.651,19.335260115606935,13.938150289017342,5.9604645663569045e-09,4.999999873689376e-05,120734.82,-9.1897244e-05,120734.83,-2.0136703e-09,0.00033870368,1.6659676,0.009999999776482582
-443066.60291586857,-560178.6763814945,-465561.26807163423,4500.0,9,45000,False,1215000,268,27,30e139b0c48841ada224184469197339,2024-02-14_14-02-15,1707937335,109.20078110694885,3524.6497082710266,22588,Kurukshetra,192.168.68.14,3524.6497082710266,1215000,27,4,589d08ce,0,-101625.62513103068,-42829.28057499674,-58195.15850895423,7.281884334178505,2.8867277097275394,0.6653518909721166,9718272,1215000,132831.16,80.678,5658.452,3.635,17.091666666666665,14.048076923076923,2.9802322831784522e-09,4.999999873689376e-05,118346.945,-3.3394288e-05,118346.97,-3.8153756e-09,0.00029942655,1.6801494,0.009999999776482582
-432741.52319264796,-508712.3661169481,-458356.88825954543,4500.0,11,45000,False,1260000,279,28,30e139b0c48841ada224184469197339,2024-02-14_14-04-18,1707937458,123.06960606575012,3647.7193143367767,22588,Kurukshetra,192.168.68.14,3647.7193143367767,1260000,28,4,589d08ce,0,-72954.62879591591,-52681.84536129794,-57294.61103244316,7.304677182101115,2.8945525339154803,0.6687748043190248,10078208,1260000,130876.845,81.079,5688.458,3.504,18.655681818181822,14.35397727272727,1.4901161415892261e-09,4.999999873689376e-05,118648.89,-9.580094e-05,118648.9,-4.832809e-09,0.00031744764,1.6802139,0.009999999776482582
-432741.52319264796,-508712.3661169481,-455218.0949925435,4500.0,9,45000,False,1305000,288,29,30e139b0c48841ada224184469197339,2024-02-14_14-06-06,1707937566,107.23002338409424,3754.949337720871,22588,Kurukshetra,192.168.68.14,3754.949337720871,1305000,29,4,589d08ce,0,-70659.61279850783,-52681.84536129794,-56902.26187406792,7.32533270185047,2.90147454845577,0.6720340507237472,10438144,1305000,131054.679,80.603,5652.533,3.589,17.162091503267973,14.437254901960785,7.450580707946131e-10,4.999999873689376e-05,119459.81,-5.794254e-05,119459.82,-6.4437455e-09,0.0002798633,1.691258,0.009999999776482582
-432741.52319264796,-476208.739445156,-452495.36170229554,4500.0,11,45000,False,1350000,299,30,30e139b0c48841ada224184469197339,2024-02-14_14-08-00,1707937680,114.59303641319275,3869.5423741340637,22588,Kurukshetra,192.168.68.14,3869.5423741340637,1350000,30,4,589d08ce,0,-66832.6987264093,-52681.84536129794,-56561.92021278695,7.34608061722919,2.9080068947774684,0.6752852234347144,10798080,1350000,129547.218,76.273,5461.948,3.585,17.826993865030676,14.606748466257667,3.7252903539730653e-10,4.999999873689376e-05,117706.09,-4.2421358e-05,117706.1,-4.1757167e-09,0.00023123503,1.6935215,0.009999999776482582
-432741.52319264796,-472849.4633926873,-450715.22699244344,4500.0,9,45000,False,1395000,308,31,30e139b0c48841ada224184469197339,2024-02-14_14-10-23,1707937823,142.53034114837646,4012.07271528244,22588,Kurukshetra,192.168.68.14,4012.07271528244,1395000,31,4,589d08ce,0,-66832.6987264093,-52681.84536129794,-56339.403374055444,7.35881460116726,2.9120975007102374,0.677331067591121,11158016,1395000,128848.244,78.398,5601.108,3.557,26.672058823529408,15.2828431372549,1.8626451769865326e-10,4.999999873689376e-05,116456.48,-1.7237018e-05,116456.516,-3.6458032e-09,0.00024638398,1.6882901,0.009999999776482582
-432741.52319264796,-471955.4531353581,-449472.80074669956,4500.0,11,45000,False,1440000,319,32,30e139b0c48841ada224184469197339,2024-02-14_14-13-06,1707937986,163.26336765289307,4175.336082935333,22588,Kurukshetra,192.168.68.14,4175.336082935333,1440000,32,4,589d08ce,0,-63944.50405783499,-52681.84536129794,-56184.100093337474,7.3740426482438535,2.9161492344007134,0.6799676787889619,11517952,1440000,129902.916,72.941,5320.941,3.436,32.371244635193136,16.052789699570813,9.313225884932663e-11,4.999999873689376e-05,117745.8,-6.332189e-05,117745.8,-4.069734e-09,0.00022170473,1.6860408,0.009999999776482582
-432741.52319264796,-471955.4531353581,-448746.02963450854,4500.0,9,45000,False,1485000,328,33,30e139b0c48841ada224184469197339,2024-02-14_14-15-50,1707938150,164.09286093711853,4339.428943872452,22588,Kurukshetra,192.168.68.14,4339.428943872452,1485000,33,4,589d08ce,0,-63944.50405783499,-52681.84536129794,-56093.253704313596,7.380906585000831,2.91799765845843,0.681339576956348,11877888,1485000,128671.201,73.531,5438.47,3.479,37.35042735042735,16.80854700854701,4.6566129424663316e-11,4.999999873689376e-05,116013.266,-6.259723e-05,116013.29,-4.3876818e-09,0.00024347684,1.6805432,0.009999999776482582
-432741.52319264796,-457432.234254052,-447745.6004886219,4500.0,11,45000,False,1530000,339,34,30e139b0c48841ada224184469197339,2024-02-14_14-18-59,1707938339,189.0741627216339,4528.503106594086,22588,Kurukshetra,192.168.68.14,4528.503106594086,1530000,34,4,589d08ce,0,-60033.38193074549,-52681.84536129794,-55968.200061077754,7.392057280282792,2.9209622677180427,0.6834359633752327,12237824,1530000,131358.924,74.53,5593.824,3.542,41.89182156133829,17.671375464684015,2.3283064712331658e-11,4.999999873689376e-05,117117.45,2.7469855e-06,117117.48,-7.567161e-09,0.0001859361,1.6784459,0.009999999776482582
-432741.52319264796,-457432.234254052,-447283.8133808558,4500.0,9,45000,False,1575000,348,35,30e139b0c48841ada224184469197339,2024-02-14_14-21-35,1707938495,155.96904730796814,4684.472153902054,22588,Kurukshetra,192.168.68.14,4684.472153902054,1575000,35,4,589d08ce,0,-60033.38193074549,-52681.84536129794,-55910.47667260699,7.4027818948469095,2.9243223632952997,0.6854638086578321,12597760,1575000,133197.418,78.306,5701.034,3.544,35.12107623318386,17.895515695067264,1.1641532356165829e-11,4.999999873689376e-05,116413.984,-8.552054e-05,116414.0,-4.0061443e-09,0.00025601068,1.6784066,0.009999999776482582
-432741.52319264796,-457432.234254052,-447014.98144858243,4500.0,11,45000,False,1620000,359,36,30e139b0c48841ada224184469197339,2024-02-14_14-24-10,1707938650,155.00786471366882,4839.480018615723,22588,Kurukshetra,192.168.68.14,4839.480018615723,1620000,36,4,589d08ce,0,-59282.71603554095,-52681.84536129794,-55876.87268107282,7.421871812441229,2.9304854856204887,0.6890942655711058,12957696,1620000,136410.717,80.478,5863.747,3.658,32.23574660633484,17.800904977375566,5.8207661780829145e-12,4.999999873689376e-05,117106.836,3.0340481e-05,117106.84,-3.6669998e-09,0.00018318856,1.6697191,0.009999999776482582
-432741.52319264796,-455743.5396817216,-446990.5871313864,4500.0,9,45000,False,1665000,368,37,30e139b0c48841ada224184469197339,2024-02-14_14-26-42,1707938802,151.329181432724,4990.809200048447,22588,Kurukshetra,192.168.68.14,4990.809200048447,1665000,37,4,589d08ce,0,-58978.97803499605,-52681.84536129794,-55873.823391423335,7.444282243799339,2.9379920108619286,0.6933301981158109,13317632,1665000,140592.999,80.874,5894.289,3.736,32.8175925925926,18.272222222222222,2.9103830890414573e-12,4.999999873689376e-05,117898.22,-6.2920415e-05,117898.22,-3.433838e-09,0.00021397231,1.6759943,0.009999999776482582
-437816.97436462715,-455743.5396817216,-447055.5453575439,4500.0,11,45000,False,1710000,379,38,30e139b0c48841ada224184469197339,2024-02-14_14-29-06,1707938946,144.39753937721252,5135.206739425659,22588,Kurukshetra,192.168.68.14,5135.206739425659,1710000,38,4,589d08ce,0,-58978.97803499605,-53381.129762979734,-55881.94316969302,7.474713566023039,2.948238448179235,0.6989358849858465,13677568,1710000,142591.63,82.872,6025.18,3.829,28.269902912621358,17.533980582524272,1.4551915445207286e-12,4.999999873689376e-05,116454.51,1.8379087e-05,116454.53,-4.981185e-09,0.00023036916,1.6646934,0.009999999776482582
-437015.0646432485,-455743.5396817216,-446586.7507451348,4500.0,9,45000,False,1755000,388,39,30e139b0c48841ada224184469197339,2024-02-14_14-31-32,1707939092,145.93407893180847,5281.140818357468,22588,Kurukshetra,192.168.68.14,5281.140818357468,1755000,39,4,589d08ce,0,-58224.9629624373,-53381.129762979734,-55823.343843141876,7.504466244289558,2.9582175801194195,0.704422183938055,14037504,1755000,146051.401,89.477,6425.935,3.894,30.270192307692312,18.015865384615385,7.275957722603643e-13,4.999999873689376e-05,115320.53,9.4528434e-05,115320.555,-1.3777746e-09,0.00015622818,1.6470511,0.009999999776482582
-431342.96807010734,-455743.5396817216,-446038.22385994287,4500.0,11,45000,False,1800000,399,40,30e139b0c48841ada224184469197339,2024-02-14_14-34-36,1707939276,183.3949999809265,5464.535818338394,22588,Kurukshetra,192.168.68.14,5464.535818338394,1800000,40,4,589d08ce,0,-57795.71862997968,-52727.85502911231,-55754.777982492895,7.551487458844,2.9741683522810543,0.7128593366885805,14397440,1800000,152753.137,93.043,6598.65,4.131,36.77900763358779,18.772519083969463,3.6379788613018216e-13,4.999999873689376e-05,114412.07,2.2136725e-05,114412.09,-4.2816994e-09,0.00021362695,1.6406517,0.009999999776482582
-431342.96807010734,-455743.5396817216,-445903.74332306755,4500.0,9,45000,False,1845000,408,41,30e139b0c48841ada224184469197339,2024-02-14_14-36-57,1707939417,141.20935988426208,5605.745178222656,22588,Kurukshetra,192.168.68.14,5605.745178222656,1845000,41,4,589d08ce,0,-57795.71862997968,-52727.85502911231,-55737.967915383466,7.58926474541087,2.9869503704791636,0.7196438545136012,14757376,1845000,152936.032,86.436,6291.96,4.132,31.566831683168317,18.594059405940595,1.8189894306509108e-13,4.999999873689376e-05,114505.42,4.9193248e-05,114505.445,-4.790416e-09,0.00021991538,1.635722,0.009999999776482582
-431342.96807010734,-454258.2913199947,-445587.699837758,4500.0,11,45000,False,1890000,419,42,30e139b0c48841ada224184469197339,2024-02-14_14-38-54,1707939534,116.94691395759583,5722.692092180252,22588,Kurukshetra,192.168.68.14,5722.692092180252,1890000,42,4,589d08ce,0,-57665.90800051723,-52727.85502911231,-55698.46247971976,7.626440514790571,2.9986280346341134,0.7262767214711077,15117312,1890000,148439.085,85.936,6159.403,4.103,20.55508982035928,17.7934131736527,9.094947153254554e-14,4.999999873689376e-05,114450.19,4.1995798e-05,114450.21,-4.8116124e-09,0.00018516615,1.6362753,0.009999999776482582
-431342.96807010734,-454258.2913199947,-445532.0269315209,4500.0,9,45000,False,1935000,428,43,30e139b0c48841ada224184469197339,2024-02-14_14-40-43,1707939643,109.60730171203613,5832.299393892288,22588,Kurukshetra,192.168.68.14,5832.299393892288,1935000,43,4,589d08ce,0,-57665.90800051723,-52727.85502911231,-55691.50336644013,7.648142300404876,3.005685485701138,0.7302200650150005,15477248,1935000,143321.055,80.973,5836.884,3.91,17.29551282051282,17.192307692307697,4.547473576627277e-14,4.999999873689376e-05,115108.66,-1.7701392e-05,115108.68,-6.4437455e-09,0.00016871889,1.6416988,0.009999999776482582
-431342.96807010734,-454258.2913199947,-445459.89183900366,4500.0,11,45000,False,1980000,439,44,30e139b0c48841ada224184469197339,2024-02-14_14-42-38,1707939758,114.65378785133362,5946.953181743622,22588,Kurukshetra,192.168.68.14,5946.953181743622,1980000,44,4,589d08ce,0,-57665.90800051723,-52727.85502911231,-55682.486479875464,7.661534829989905,3.0092044391187,0.7328215319774882,15837184,1980000,136205.501,75.836,5518.46,3.698,17.218902439024387,17.30182926829269,2.2737367883136385e-14,4.999999873689376e-05,115456.15,1.4060888e-05,115456.16,-4.2605026e-09,0.00020180395,1.6592531,0.009999999776482582
-431342.96807010734,-454258.2913199947,-445332.8588147948,4500.0,9,45000,False,2025000,448,45,30e139b0c48841ada224184469197339,2024-02-14_14-44-27,1707939867,109.11870527267456,6056.071887016296,22588,Kurukshetra,192.168.68.14,6056.071887016296,2025000,45,4,589d08ce,0,-57665.90800051723,-52727.85502911231,-55666.60735184936,7.665840481405521,3.0104687918014177,0.733700972277862,16197120,2025000,131648.228,71.942,5396.455,3.512,17.223870967741934,17.37741935483871,1.1368683941568192e-14,4.999999873689376e-05,114898.21,-3.4432152e-05,114898.23,-5.5110982e-09,0.0002017427,1.6463916,0.009999999776482582
-431342.96807010734,-454258.2913199947,-445010.2586311999,4500.0,11,45000,False,2070000,459,46,30e139b0c48841ada224184469197339,2024-02-14_14-46-22,1707939982,114.99476075172424,6171.066647768021,22588,Kurukshetra,192.168.68.14,6171.066647768021,2070000,46,4,589d08ce,0,-57706.275500078424,-52727.85502911231,-55626.282328899986,7.665262401650592,3.0096437534904976,0.7335880660800123,16557056,2070000,127806.209,69.796,5239.857,3.374,16.993939393939392,17.563636363636363,5.684341970784096e-15,4.999999873689376e-05,114335.99,-5.3024225e-05,114336.02,-4.2816994e-09,0.00021064545,1.6279302,0.009999999776482582
-431342.96807010734,-452874.5872657494,-444293.4711708821,4500.0,9,45000,False,2115000,468,47,30e139b0c48841ada224184469197339,2024-02-14_14-48-16,1707940096,113.29440093040466,6284.361048698425,22588,Kurukshetra,192.168.68.14,6284.361048698425,2115000,47,4,589d08ce,0,-57706.275500078424,-52727.85502911231,-55536.683896360286,7.659698452036166,3.0074906344780885,0.7325458977220427,16916992,2115000,124050.219,69.283,5192.791,3.356,18.140372670807455,17.84285714285714,2.842170985392048e-15,4.999999873689376e-05,113025.84,-8.453412e-05,113025.85,-1.4625606e-09,0.00020855921,1.6191618,0.009999999776482582
-431342.96807010734,-451862.33126677346,-444026.827060106,4500.0,11,45000,False,2160000,479,48,30e139b0c48841ada224184469197339,2024-02-14_14-50-20,1707940220,123.93814301490784,6408.299191713333,22588,Kurukshetra,192.168.68.14,6408.299191713333,2160000,48,4,589d08ce,0,-57706.275500078424,-52727.85502911231,-55503.35338251323,7.650521996963797,3.003461270165598,0.7309201381714061,17276928,2160000,122102.899,68.511,5094.918,3.235,19.62146892655367,18.125988700564974,1.421085492696024e-15,4.999999873689376e-05,113961.125,3.7875827e-05,113961.15,-6.867676e-09,0.00022331408,1.6107234,0.009999999776482582
-431342.96807010734,-451862.33126677346,-443984.4554771285,4500.0,9,45000,False,2205000,488,49,30e139b0c48841ada224184469197339,2024-02-14_14-52-20,1707940340,120.16745209693909,6528.466643810272,22588,Kurukshetra,192.168.68.14,6528.466643810272,2205000,49,4,589d08ce,0,-57706.275500078424,-52727.85502911231,-55498.05693464105,7.640445979684605,2.9997082289228696,0.729158297650751,17636864,2205000,119914.088,62.203,4716.411,3.178,18.55348837209302,18.22441860465116,7.10542746348012e-16,4.999999873689376e-05,113912.28,2.390426e-05,113912.305,-4.2393062e-09,0.00019390091,1.6103463,0.009999999776482582
-434074.4418130569,-451862.33126677346,-443921.09790970455,4500.0,11,45000,False,2250000,499,50,30e139b0c48841ada224184469197339,2024-02-14_14-54-20,1707940460,120.61208033561707,6649.078724145889,22588,Kurukshetra,192.168.68.14,6649.078724145889,2250000,50,4,589d08ce,0,-57706.275500078424,-53261.62695482199,-55490.137238713076,7.6193080139038125,2.9915067931272508,0.7256181213677162,17996800,2250000,113822.915,58.26,4535.599,2.938,17.45813953488372,18.30058139534884,3.55271373174006e-16,4.999999873689376e-05,113396.14,8.4678446e-05,113396.164,-2.1408497e-09,0.00019785957,1.6029627,0.009999999776482582
-434074.4418130569,-451862.33126677346,-444039.93135995837,4500.0,9,45000,False,2295000,508,51,30e139b0c48841ada224184469197339,2024-02-14_14-56-12,1707940572,112.00840926170349,6761.087133407593,22588,Kurukshetra,192.168.68.14,6761.087133407593,2295000,51,4,589d08ce,0,-57706.275500078424,-53261.62695482199,-55504.991419994796,7.598778490181974,2.9839420213205794,0.7220964680121739,18356736,2295000,110913.455,58.503,4524.819,2.898,17.178125,18.427500000000002,1.77635686587003e-16,4.999999873689376e-05,113471.05,-2.7976708e-05,113471.07,-3.1582832e-09,0.00028476564,1.6010766,0.009999999776482582
-434074.4418130569,-451862.33126677346,-443944.6393563963,4500.0,11,45000,False,2340000,519,52,30e139b0c48841ada224184469197339,2024-02-14_14-58-10,1707940690,117.0760383605957,6878.1631717681885,22588,Kurukshetra,192.168.68.14,6878.1631717681885,2340000,52,4,589d08ce,0,-57706.275500078424,-53261.62695482199,-55493.07991954954,7.574787065399591,2.9750603938813676,0.7180136417414685,18716672,2340000,110920.675,58.629,4530.144,2.94,17.365269461077844,18.5940119760479,8.88178432935015e-17,4.999999873689376e-05,113164.53,2.7792466e-06,113164.54,-5.2143467e-09,0.00021295667,1.5939314,0.009999999776482582
-434074.4418130569,-451188.4638969503,-443692.3771749907,4500.0,9,45000,False,2385000,528,53,30e139b0c48841ada224184469197339,2024-02-14_15-00-02,1707940802,112.05828809738159,6990.22145986557,22588,Kurukshetra,192.168.68.14,6990.22145986557,2385000,53,4,589d08ce,0,-57706.275500078424,-53261.62695482199,-55461.54714687387,7.556462370703336,2.9682673267599813,0.7148821804713051,19076608,2385000,111169.787,58.703,4526.074,2.947,17.2725,18.773125000000004,4.440892164675075e-17,4.999999873689376e-05,112509.73,-0.0001016171,112509.734,-4.917595e-09,0.00028213186,1.5954933,0.009999999776482582
-434074.4418130569,-451188.4638969503,-443335.3115260261,4500.0,11,45000,False,2430000,539,54,30e139b0c48841ada224184469197339,2024-02-14_15-02-00,1707940920,118.12156558036804,7108.343025445938,22588,Kurukshetra,192.168.68.14,7108.343025445938,2430000,54,4,589d08ce,0,-57706.275500078424,-53261.62695482199,-55416.9139407533,7.535472058408168,2.9604083394196916,0.7113397822655472,19436544,2430000,111515.794,58.589,4526.991,2.989,17.458333333333332,18.943452380952383,2.2204460823375376e-17,4.999999873689376e-05,112775.65,2.5770742e-05,112775.67,-2.7555491e-09,0.00026752066,1.5974841,0.009999999776482582
-434074.4418130569,-449998.2917863585,-443179.38945048535,4500.0,9,45000,False,2475000,548,55,30e139b0c48841ada224184469197339,2024-02-14_15-03-56,1707941036,115.7202627658844,7224.0632882118225,22588,Kurukshetra,192.168.68.14,7224.0632882118225,2475000,55,4,589d08ce,0,-57706.275500078424,-53261.62695482199,-55397.423681310676,7.519511738584922,2.954394842012172,0.7086236424723947,19796480,2475000,112173.824,58.784,4529.126,3.002,16.883734939759034,19.131325301204814,1.1102230411687688e-17,4.999999873689376e-05,112514.3,-2.7851924e-05,112514.31,-3.518624e-09,0.00029015786,1.5854299,0.009999999776482582
-432462.2733268111,-449270.41908631555,-442723.6227908083,4500.0,11,45000,False,2520000,559,56,30e139b0c48841ada224184469197339,2024-02-14_15-05-54,1707941154,118.62636876106262,7342.689656972885,22588,Kurukshetra,192.168.68.14,7342.689656972885,2520000,56,4,589d08ce,0,-57279.718757206414,-52955.956401273375,-55340.45284885107,7.50128521640702,2.9474496382752635,0.7055689134061874,20156416,2520000,112538.852,58.693,4527.522,3.016,17.32189349112426,19.313609467455624,5.551115205843844e-18,4.999999873689376e-05,111490.84,6.517501e-05,111490.87,-4.1333235e-09,0.00021581267,1.5798444,0.009999999776482582
-432462.2733268111,-451210.8015299869,-442656.7121139618,4500.0,9,45000,False,2565000,568,57,30e139b0c48841ada224184469197339,2024-02-14_15-07-48,1707941268,113.71046829223633,7456.4001252651215,22588,Kurukshetra,192.168.68.14,7456.4001252651215,2565000,57,4,589d08ce,0,-57462.34093503342,-52955.956401273375,-55332.08901424524,7.487150936914296,2.9420692629319056,0.7031681820840023,20516352,2565000,112603.722,58.181,4505.041,3.001,17.44567901234568,19.492592592592594,2.775557602921922e-18,4.999999873689376e-05,111709.01,-2.4353967e-06,111709.03,-1.6109364e-09,0.00020884474,1.5827782,0.009999999776482582
-432462.2733268111,-451210.8015299869,-442516.78469834646,4500.0,11,45000,False,2610000,579,58,30e139b0c48841ada224184469197339,2024-02-14_15-09-47,1707941387,119.24857592582703,7575.6487011909485,22588,Kurukshetra,192.168.68.14,7575.6487011909485,2610000,58,4,589d08ce,0,-57518.59184270309,-52955.956401273375,-55314.59808729333,7.46990416867278,2.935583958270123,0.7002046092504393,20876288,2610000,112188.306,56.672,4454.404,3.024,17.38941176470588,19.672941176470587,1.387778801460961e-18,4.999999873689376e-05,112218.49,2.2719078e-06,112218.516,-3.6246068e-09,0.00023357432,1.5821302,0.009999999776482582
-432462.2733268111,-451210.8015299869,-442245.6915816808,4500.0,9,45000,False,2655000,588,59,30e139b0c48841ada224184469197339,2024-02-14_15-11-42,1707941502,114.81416702270508,7690.462868213654,22588,Kurukshetra,192.168.68.14,7690.462868213654,2655000,59,4,589d08ce,0,-57518.59184270309,-52955.956401273375,-55280.711447710084,7.4556336968913035,2.930313312319596,0.6976722547551334,21236224,2655000,111670.739,56.65,4436.953,2.964,17.214024390243903,19.867682926829268,6.938894007304805e-19,4.999999873689376e-05,111285.414,4.1373118e-05,111285.43,-2.8191387e-09,0.00019870485,1.579702,0.009999999776482582
-432462.2733268111,-451210.8015299869,-441908.1325400721,4500.0,11,45000,False,2700000,599,60,30e139b0c48841ada224184469197339,2024-02-14_15-13-42,1707941622,119.80735111236572,7810.270219326019,22588,Kurukshetra,192.168.68.14,7810.270219326019,2700000,60,4,589d08ce,0,-57518.59184270309,-52955.956401273375,-55238.51656750899,7.438641369702652,2.924116120443129,0.6946472790295091,21596160,2700000,111590.426,56.709,4436.552,2.991,17.43450292397661,20.032748538011692,3.4694470036524025e-19,4.999999873689376e-05,110741.9,3.7126825e-05,110741.9,-4.9599884e-09,0.00027989713,1.5872924,0.009999999776482582
-432462.2733268111,-451210.8015299869,-441569.8709665342,4500.0,9,45000,False,2745000,608,61,30e139b0c48841ada224184469197339,2024-02-14_15-15-45,1707941745,122.69364881515503,7932.963868141174,22588,Kurukshetra,192.168.68.14,7932.963868141174,2745000,61,4,589d08ce,0,-57518.59184270309,-52955.956401273375,-55196.23387081676,7.426327574642216,2.9195613157775973,0.6924709827545569,21956096,2745000,112640.665,58.299,4453.214,2.941,18.580113636363638,20.250000000000004,1.7347235018262012e-19,4.999999873689376e-05,111337.8,-2.0743773e-06,111337.82,-3.8153756e-09,0.00017885116,1.5804181,0.009999999776482582
-432462.2733268111,-451210.8015299869,-441125.3732529692,4500.0,11,45000,False,2790000,619,62,30e139b0c48841ada224184469197339,2024-02-14_15-17-53,1707941873,127.91109848022461,8060.874966621399,22588,Kurukshetra,192.168.68.14,8060.874966621399,2790000,62,4,589d08ce,0,-57518.59184270309,-52955.956401273375,-55140.67165662113,7.412792938279604,2.9145761693200183,0.6901527605342949,22316032,2790000,113688.594,59.051,4487.71,2.918,18.83846153846154,20.486263736263737,8.673617509131006e-20,4.999999873689376e-05,110543.33,-3.6199435e-05,110543.34,-2.840335e-09,0.00023549308,1.574915,0.009999999776482582
-432462.2733268111,-451210.8015299869,-440922.75053726556,4500.0,9,45000,False,2835000,628,63,30e139b0c48841ada224184469197339,2024-02-14_15-19-52,1707941992,119.34918546676636,8180.224152088165,22588,Kurukshetra,192.168.68.14,8180.224152088165,2835000,63,4,589d08ce,0,-57518.59184270309,-52895.720232152074,-55115.34381715817,7.402698332408994,2.910795746554188,0.688439890153188,22675968,2835000,114421.292,59.03,4484.103,2.937,17.86,20.67941176470588,4.336808754565503e-20,4.999999873689376e-05,110054.4,-5.014336e-05,110054.42,-3.9425547e-09,0.00027513038,1.5631088,0.009999999776482582
-432462.2733268111,-451210.8015299869,-440757.8455196901,4500.0,11,45000,False,2880000,639,64,30e139b0c48841ada224184469197339,2024-02-14_15-21-57,1707942117,124.92131733894348,8305.145469427109,22588,Kurukshetra,192.168.68.14,8305.145469427109,2880000,64,4,589d08ce,0,-57518.59184270309,-52895.720232152074,-55094.73068996121,7.391433580641484,2.906674840573657,0.6865948611231212,23035904,2880000,115075.215,59.644,4508.599,2.873,18.361452513966483,20.863128491620113,2.1684043772827515e-20,4.999999873689376e-05,110577.09,-9.443054e-06,110577.12,-2.713156e-09,0.00029066045,1.5578073,0.009999999776482582
-432400.5263627159,-451210.8015299869,-440378.0641103431,4500.0,9,45000,False,2925000,648,65,30e139b0c48841ada224184469197339,2024-02-14_15-24-03,1707942243,126.09276843070984,8431.238237857819,22588,Kurukshetra,192.168.68.14,8431.238237857819,2925000,65,4,589d08ce,0,-57518.59184270309,-52860.76795271274,-55047.25801379286,7.3836075627820765,2.9037299757415593,0.6853839119993073,23395840,2925000,116056.931,59.869,4563.418,2.902,19.96388888888889,21.31111111111111,1.0842021886413758e-20,4.999999873689376e-05,110583.65,6.0023656e-05,110583.67,-3.6246068e-09,0.0002651895,1.5632588,0.009999999776482582
-432400.5263627159,-451210.8015299869,-440271.3530137547,4500.0,11,45000,False,2970000,659,66,30e139b0c48841ada224184469197339,2024-02-14_15-26-38,1707942398,154.25338673591614,8585.491624593735,22588,Kurukshetra,192.168.68.14,8585.491624593735,2970000,66,4,589d08ce,0,-57518.59184270309,-52860.76795271274,-55033.919126719324,7.377625242821908,2.901502704907573,0.6846153863298526,23755776,2970000,119518.808,62.473,4661.076,2.954,27.219090909090912,22.549090909090907,5.421010943206879e-21,4.999999873689376e-05,109904.9,6.342078e-05,109904.914,-3.4550345e-09,0.00021935363,1.5541058,0.009999999776482582
-432400.5263627159,-451045.20839578606,-440213.0730834373,4500.0,9,45000,False,3015000,668,67,30e139b0c48841ada224184469197339,2024-02-14_15-29-11,1707942551,153.1306266784668,8738.622251272202,22588,Kurukshetra,192.168.68.14,8738.622251272202,3015000,67,4,589d08ce,0,-57518.59184270309,-52860.76795271274,-55026.63413542964,7.375876034802705,2.900658633882788,0.6845836435731536,24115712,3015000,123410.385,62.768,4710.122,2.968,27.54063926940639,22.934703196347026,2.7105054716034394e-21,4.999999873689376e-05,110482.62,-4.4237033e-05,110482.64,-2.8191387e-09,0.00029560417,1.56162,0.009999999776482582
-432400.5263627159,-449299.5608672275,-440066.59469159873,4500.0,11,45000,False,3060000,679,68,30e139b0c48841ada224184469197339,2024-02-14_15-31-52,1707942712,160.94978857040405,8899.572039842606,22588,Kurukshetra,192.168.68.14,8899.572039842606,3060000,68,4,589d08ce,0,-57258.786935857905,-52860.76795271274,-55008.324336449776,7.377563561152017,2.901214657163085,0.685341220329775,24475648,3060000,127468.873,65.421,4818.552,3.048,29.268558951965066,23.53056768558952,1.3552527358017197e-21,4.999999873689376e-05,111115.05,-1.6734746e-05,111115.06,-4.8116124e-09,0.00023990548,1.5670029,0.009999999776482582
-432400.5263627159,-449299.5608672275,-440406.415042896,4500.0,9,45000,False,3105000,688,69,30e139b0c48841ada224184469197339,2024-02-14_15-34-42,1707942882,169.77661108970642,9069.348650932312,22588,Kurukshetra,192.168.68.14,9069.348650932312,3105000,69,4,589d08ce,0,-57258.786935857905,-52860.76795271274,-55050.80188036197,7.383279233600161,2.90287461514268,0.6867724070781306,24835584,3105000,132690.068,67.612,5089.607,3.1,28.1297520661157,23.630165289256198,6.776263679008599e-22,4.999999873689376e-05,111933.79,4.0317413e-05,111933.81,-4.6208437e-09,0.00016591485,1.5763494,0.009999999776482582
-432400.5263627159,-449299.5608672275,-440565.0686622235,4500.0,11,45000,False,3150000,699,70,30e139b0c48841ada224184469197339,2024-02-14_15-37-50,1707943070,188.09157133102417,9257.440222263336,22588,Kurukshetra,192.168.68.14,9257.440222263336,3150000,70,4,589d08ce,0,-57258.786935857905,-52860.76795271274,-55070.63358277791,7.396114213146146,2.907115293803179,0.6896425148252289,25195520,3150000,139408.414,70.555,5195.164,3.289,29.168401486988845,24.204089219330857,3.3881318395042993e-22,4.999999873689376e-05,110358.88,9.142297e-06,110358.9,-4.9599884e-09,0.00026621274,1.5761638,0.009999999776482582
-432400.5263627159,-449299.5608672275,-440679.8100254126,4500.0,9,45000,False,3195000,708,71,30e139b0c48841ada224184469197339,2024-02-14_15-40-27,1707943227,157.59546852111816,9415.035690784454,22588,Kurukshetra,192.168.68.14,9415.035690784454,3195000,71,4,589d08ce,0,-57231.5046168811,-52860.76795271274,-55084.97625317655,7.40894162333153,2.911268609971856,0.6924137472376222,25555456,3195000,142803.333,70.964,5289.22,3.428,28.87644444444445,24.470666666666666,1.6940659197521496e-22,4.999999873689376e-05,111232.77,-4.3726745e-06,111232.8,-3.794179e-09,0.0002663415,1.577045,0.009999999776482582
-432400.5263627159,-486779.00041046116,-441448.14980103157,4500.0,11,45000,False,3240000,719,72,30e139b0c48841ada224184469197339,2024-02-14_15-43-09,1707943389,161.9633984565735,9576.999089241028,22588,Kurukshetra,192.168.68.14,9576.999089241028,3240000,72,4,589d08ce,0,-61594.29409210915,-52860.76795271274,-55181.01872512894,7.427150829704849,2.917356422034197,0.6963083974196054,25915392,3240000,146019.403,74.623,5474.602,3.552,28.667965367965373,24.699999999999996,8.470329598760748e-23,4.999999873689376e-05,113065.97,-2.7657148e-05,113065.98,-2.5223872e-09,0.00028327244,1.5777986,0.009999999776482582
-432400.5263627159,-486779.00041046116,-441765.1113235666,4500.0,9,45000,False,3285000,728,73,30e139b0c48841ada224184469197339,2024-02-14_15-45-44,1707943544,154.43315267562866,9731.432241916656,22588,Kurukshetra,192.168.68.14,9731.432241916656,3285000,73,4,589d08ce,0,-61594.29409210915,-52860.76795271274,-55220.638915445845,7.444592335246116,2.923105080478006,0.699976608320597,26275328,3285000,149432.759,77.567,5565.093,3.57,29.496363636363636,24.409999999999997,4.235164799380374e-23,4.999999873689376e-05,111865.72,1.5748514e-05,111865.72,-3.433838e-09,0.00026714106,1.5768329,0.009999999776482582
-430789.8941393373,-486779.00041046116,-441795.34253106953,4500.0,11,45000,False,3330000,739,74,30e139b0c48841ada224184469197339,2024-02-14_15-48-02,1707943682,138.53844738006592,9869.970689296722,22588,Kurukshetra,192.168.68.14,9869.970689296722,3330000,74,4,589d08ce,0,-61594.29409210915,-52467.32138419384,-55224.417816383706,7.466420727959582,2.930249790740344,0.7046133758851088,26635264,3330000,150370.517,79.653,5981.745,3.646,20.587878787878786,24.037373737373745,2.117582399690187e-23,4.999999873689376e-05,109467.56,-6.786527e-05,109467.57,-4.7268265e-09,0.00023753494,1.5673759,0.009999999776482582
-430789.8941393373,-486779.00041046116,-442174.1902555974,4500.0,9,45000,False,3375000,748,75,30e139b0c48841ada224184469197339,2024-02-14_15-51-00,1707943860,177.39060592651367,10047.361295223236,22588,Kurukshetra,192.168.68.14,10047.361295223236,3375000,75,4,589d08ce,0,-61594.29409210915,-52467.32138419384,-55271.77378194966,7.4872011845044675,2.937144576161072,0.7089221901816808,26995200,3375000,155134.769,86.924,6338.291,3.885,29.620948616600792,24.83636363636364,1.0587911998450935e-23,4.999999873689376e-05,111073.3,-3.069478e-05,111073.31,-2.2256357e-09,0.00024655287,1.5728133,0.009999999776482582
-430789.8941393373,-486779.00041046116,-442578.6070617207,4500.0,11,45000,False,3420000,759,76,30e139b0c48841ada224184469197339,2024-02-14_15-54-12,1707944052,192.13749861717224,10239.498793840408,22588,Kurukshetra,192.168.68.14,10239.498793840408,3420000,76,4,589d08ce,0,-61594.29409210915,-52467.32138419384,-55322.32588271507,7.515056434336397,2.9464688836818453,0.7146786521259607,27355136,3420000,158894.968,84.504,6367.544,4.073,31.670545454545454,25.34581818181818,5.293955999225468e-24,4.999999873689376e-05,110607.43,-3.6169335e-05,110607.45,-3.4126415e-09,0.0002470477,1.5592285,0.009999999776482582
-429950.79057980486,-486779.00041046116,-442560.2364956752,4500.0,9,45000,False,3465000,768,77,30e139b0c48841ada224184469197339,2024-02-14_15-56-56,1707944216,163.46103692054749,10402.959830760956,22588,Kurukshetra,192.168.68.14,10402.959830760956,3465000,77,4,589d08ce,0,-61594.29409210915,-52467.32138419384,-55320.029561959374,7.538148444320572,2.954304047810476,0.7194805491259464,27715072,3465000,159835.458,89.214,6454.677,4.108,31.376824034334767,25.89742489270386,2.646977999612734e-24,4.999999873689376e-05,109768.16,-5.2180516e-05,109768.17,-4.3876818e-09,0.00024223696,1.5493836,0.009999999776482582
-426909.74886810186,-486779.00041046116,-442338.68423312856,4500.0,11,45000,False,3510000,779,78,30e139b0c48841ada224184469197339,2024-02-14_15-59-53,1707944393,177.00528049468994,10579.965111255646,22588,Kurukshetra,192.168.68.14,10579.965111255646,3510000,78,4,589d08ce,0,-61594.29409210915,-52035.86043506743,-55292.335529141055,7.5667609085701475,2.9639888187723473,0.7254404895396962,28075008,3510000,161217.274,92.348,6672.45,4.296,29.85691699604743,26.114624505928855,1.323488999806367e-24,4.999999873689376e-05,109232.66,-6.3774e-06,109232.66,-3.518624e-09,0.00029523324,1.5345432,0.009999999776482582
-426909.74886810186,-486779.00041046116,-441995.5363547837,4500.0,9,45000,False,3555000,788,79,30e139b0c48841ada224184469197339,2024-02-14_16-03-11,1707944591,198.53293824195862,10778.498049497604,22588,Kurukshetra,192.168.68.14,10778.498049497604,3555000,79,4,589d08ce,0,-61594.29409210915,-52035.86043506743,-55249.44204434795,7.5912633457358565,2.9725240356065807,0.7305453446227699,28434944,3555000,164280.88,92.25,6485.523,4.308,31.10035335689046,26.323321554770317,6.617444999031835e-25,4.999999873689376e-05,109347.96,2.6763164e-05,109347.97,-3.6669998e-09,0.00022613497,1.5324073,0.009999999776482582
-426909.74886810186,-486779.00041046116,-441824.03875969996,4500.0,11,45000,False,3600000,799,80,30e139b0c48841ada224184469197339,2024-02-14_16-05-25,1707944725,133.6293318271637,10912.127381324768,22588,Kurukshetra,192.168.68.14,10912.127381324768,3600000,80,4,589d08ce,0,-61594.29409210915,-52035.86043506743,-55228.004844962474,7.616215545837449,2.9809167518979605,0.7359276123980473,28794880,3600000,158907.211,89.478,6416.046,4.103,19.65916230366492,24.676963350785336,3.3087224995159173e-25,4.999999873689376e-05,108985.016,-4.828239e-05,108985.04,-7.037248e-09,0.0002856741,1.5241421,0.009999999776482582
-426909.74886810186,-486779.00041046116,-441479.0251073785,4500.0,9,45000,False,3645000,808,81,30e139b0c48841ada224184469197339,2024-02-14_16-08-41,1707944921,196.01742362976074,11108.144804954529,22588,Kurukshetra,192.168.68.14,11108.144804954529,3645000,81,4,589d08ce,0,-61594.29409210915,-52035.86043506743,-55184.878138422275,7.638465570138379,2.9888320598399813,0.7406497754443069,29154816,3645000,162541.012,94.125,6617.888,3.986,31.57240143369176,26.363799283154123,1.6543612497579586e-25,4.999999873689376e-05,107379.44,-3.329761e-05,107379.46,-1.5685433e-09,0.00022895445,1.5141027,0.009999999776482582
-426909.74886810186,-451070.13377318875,-440499.6574459537,4500.0,11,45000,False,3690000,819,82,30e139b0c48841ada224184469197339,2024-02-14_16-11-22,1707945082,161.23816680908203,11269.38297176361,22588,Kurukshetra,192.168.68.14,11269.38297176361,3690000,82,4,589d08ce,0,-57555.81775605861,-52035.86043506743,-55062.45718074416,7.665419810693997,2.997922081993632,0.7463830278484614,29514752,3690000,162682.267,90.591,6408.071,3.935,25.116956521739134,26.084347826086955,8.271806248789793e-26,4.999999873689376e-05,107776.9,-2.3017228e-05,107776.92,-4.7056297e-09,0.00026704228,1.5143559,0.009999999776482582
-426909.74886810186,-451070.13377318875,-440017.43064763217,4500.0,9,45000,False,3735000,828,83,30e139b0c48841ada224184469197339,2024-02-14_16-14-11,1707945251,168.61547136306763,11437.998443126678,22588,Kurukshetra,192.168.68.14,11437.998443126678,3735000,83,4,589d08ce,0,-57555.81775605861,-52035.86043506743,-55002.17883095398,7.687319921391115,3.005686815927924,0.7510610644921784,29874688,3735000,163921.071,92.381,6584.788,3.887,27.017842323651454,26.54564315352697,4.1359031243948966e-26,4.999999873689376e-05,107838.46,-9.438892e-05,107838.48,-2.437601e-09,0.00031261315,1.5072105,0.009999999776482582
-426909.74886810186,-451070.13377318875,-440224.00407293974,4500.0,11,45000,False,3780000,839,84,30e139b0c48841ada224184469197339,2024-02-14_16-17-08,1707945428,177.08449244499207,11615.08293557167,22588,Kurukshetra,192.168.68.14,11615.08293557167,3780000,84,4,589d08ce,0,-57623.91067251153,-52035.86043506743,-55028.00050911741,7.716993352676104,3.01587300535904,0.7573333464462721,30234624,3780000,168104.007,93.529,6259.689,4.073,29.398814229249012,27.368379446640315,2.0679515621974483e-26,4.999999873689376e-05,110520.89,-4.874083e-05,110520.9,-2.9887108e-09,0.00020948418,1.501124,0.009999999776482582
-426909.74886810186,-448821.8422955465,-439997.74427219515,4500.0,9,45000,False,3825000,848,85,30e139b0c48841ada224184469197339,2024-02-14_16-20-07,1707945607,179.0952968597412,11794.178232431412,22588,Kurukshetra,192.168.68.14,11794.178232431412,3825000,85,4,589d08ce,0,-57623.91067251153,-52035.86043506743,-54999.71803402436,7.74077533702697,3.0244409067828086,0.7623977273019734,30594560,3825000,168415.922,91.817,6119.815,3.88,28.95921568627451,27.740000000000002,1.0339757810987241e-26,4.999999873689376e-05,108075.38,2.2807722e-05,108075.39,-3.391445e-09,0.0002054999,1.4993112,0.009999999776482582
-426909.74886810186,-448821.8422955465,-439373.2460274867,4500.0,11,45000,False,3870000,859,86,30e139b0c48841ada224184469197339,2024-02-14_16-23-23,1707945803,195.94394755363464,11990.122179985046,22588,Kurukshetra,192.168.68.14,11990.122179985046,3870000,86,4,589d08ce,0,-57623.91067251153,-52035.86043506743,-54921.65575343579,7.769272574910142,3.034479047455368,0.768475250558445,30954496,3870000,168830.208,93.108,6086.215,3.772,29.581428571428567,27.85357142857143,5.169878905493621e-27,4.999999873689376e-05,107748.46,-3.9457937e-05,107748.484,-5.68067e-09,0.00027745785,1.4975499,0.009999999776482582
-426909.74886810186,-448821.8422955465,-439255.01119964034,4500.0,9,45000,False,3915000,868,87,30e139b0c48841ada224184469197339,2024-02-14_16-26-07,1707945967,163.5074861049652,12153.629666090012,22588,Kurukshetra,192.168.68.14,12153.629666090012,3915000,87,4,589d08ce,0,-57623.91067251153,-52035.86043506743,-54906.87639995499,7.791965812071684,3.0425774185727557,0.773340807598303,31314432,3915000,168860.141,90.763,6063.485,3.715,29.605579399141632,28.064806866952793,2.5849394527468104e-27,4.999999873689376e-05,107171.914,5.626475e-05,107171.94,-3.0099074e-09,0.00019485176,1.4976753,0.009999999776482582
-428147.6375895852,-448821.8422955465,-439090.62446179026,4500.0,11,45000,False,3960000,879,88,30e139b0c48841ada224184469197339,2024-02-14_16-28-53,1707946133,165.5341658592224,12319.163831949234,22588,Kurukshetra,192.168.68.14,12319.163831949234,3960000,88,4,589d08ce,0,-57623.91067251153,-52101.939061940684,-54886.32805772375,7.818538403412444,3.051575729196996,0.779067234795515,31674368,3960000,167936.285,87.947,5844.652,3.614,29.183122362869195,28.295780590717293,1.2924697263734052e-27,4.999999873689376e-05,107885.24,-4.335047e-05,107885.26,-4.514861e-09,0.00028358347,1.5013082,0.009999999776482582
-428147.6375895852,-448821.8422955465,-438812.2143995512,4500.0,9,45000,False,4005000,888,89,30e139b0c48841ada224184469197339,2024-02-14_16-31-30,1707946290,157.72294282913208,12476.886774778366,22588,Kurukshetra,192.168.68.14,12476.886774778366,4005000,89,4,589d08ce,0,-57623.91067251153,-52101.939061940684,-54851.526799943895,7.837299808063292,3.0581013934680117,0.7832133197594301,32034304,4005000,163829.333,88.14,5869.828,3.698,29.200888888888887,28.585777777777782,6.462348631867026e-28,4.999999873689376e-05,107442.31,-1.0371039e-05,107442.336,-4.748023e-09,0.00031300812,1.4959648,0.009999999776482582
-428147.6375895852,-448821.8422955465,-438760.49767541967,4500.0,11,45000,False,4050000,899,90,30e139b0c48841ada224184469197339,2024-02-14_16-34-15,1707946455,164.0977065563202,12640.984481334686,22588,Kurukshetra,192.168.68.14,12640.984481334686,4050000,90,4,589d08ce,0,-57623.91067251153,-52101.939061940684,-54845.06220942748,7.861984687092263,3.0666837824533717,0.7886082509376906,32394240,4050000,166802.176,90.495,5942.411,3.896,29.127350427350425,28.774786324786326,3.231174315933513e-28,4.999999873689376e-05,107642.766,-2.2975048e-05,107642.79,-4.5784505e-09,0.00034055245,1.4907341,0.009999999776482582
-428147.6375895852,-448821.8422955465,-438565.6187773837,4500.0,9,45000,False,4095000,908,91,30e139b0c48841ada224184469197339,2024-02-14_16-36-55,1707946615,160.49263763427734,12801.477118968964,22588,Kurukshetra,192.168.68.14,12801.477118968964,4095000,91,4,589d08ce,0,-57623.91067251153,-52101.939061940684,-54820.70234717299,7.879642140365052,3.0727048181478005,0.7926234516490858,32754176,4095000,163449.677,85.903,5747.955,4.261,29.163755458515283,29.005240174672494,1.6155871579667565e-28,4.999999873689376e-05,105838.984,1.11344525e-05,105839.0,-2.7555491e-09,0.00020522163,1.4814005,0.009999999776482582
-427084.5013563365,-448821.8422955465,-438662.54779398977,4500.0,11,45000,False,4140000,919,92,30e139b0c48841ada224184469197339,2024-02-14_16-39-44,1707946784,168.57357907295227,12970.050698041916,22588,Kurukshetra,192.168.68.14,12970.050698041916,4140000,92,4,589d08ce,0,-57623.91067251153,-52054.63654975665,-54832.81847424877,7.901079291428682,3.080075822841898,0.7975071046363909,33114112,4140000,164064.59,87.622,5863.215,4.242,29.63609958506224,29.281742738589212,8.077935789833782e-29,4.999999873689376e-05,107306.586,5.045936e-05,107306.61,-2.7767455e-09,0.000218586,1.4939166,0.009999999776482582
-427084.5013563365,-448821.8422955465,-438683.9869526322,4500.0,9,45000,False,4185000,928,93,30e139b0c48841ada224184469197339,2024-02-14_16-42-22,1707946942,158.39856886863708,13128.449266910553,22588,Kurukshetra,192.168.68.14,13128.449266910553,4185000,93,4,589d08ce,0,-57629.67236455669,-52054.63654975665,-54835.49836907908,7.918070311679696,3.085820976384477,0.8014349738692288,33474048,4185000,163137.114,83.605,5773.457,4.296,28.990707964601768,29.47345132743363,4.038967894916891e-29,4.999999873689376e-05,106675.71,7.02464e-05,106675.734,-3.7093928e-09,0.00021054773,1.4770507,0.009999999776482582
-423932.0553065408,-444681.2482615237,-437611.8245569518,4500.0,11,45000,False,4230000,939,94,30e139b0c48841ada224184469197339,2024-02-14_16-45-17,1707947117,174.92059993743896,13303.369866847992,22588,Kurukshetra,192.168.68.14,13303.369866847992,4230000,94,4,589d08ce,0,-57629.67236455669,-51458.97230491635,-54701.47806961904,7.938032505862327,3.0926894476273095,0.8060624816700249,33833984,4230000,162920.516,79.993,5777.457,4.13,30.133734939759037,29.727710843373494,2.0194839474584456e-29,4.999999873689376e-05,104399.625,-1.755785e-05,104399.63,-5.426312e-09,0.00023542636,1.4682152,0.009999999776482582
-423932.0553065408,-444681.2482615237,-437119.1605084893,4500.0,9,45000,False,4275000,948,95,30e139b0c48841ada224184469197339,2024-02-14_16-48-08,1707947288,170.35268878936768,13473.72255563736,22588,Kurukshetra,192.168.68.14,13473.72255563736,4275000,95,4,589d08ce,0,-57629.67236455669,-51458.97230491635,-54639.89506356122,7.953582593053289,3.097840179044458,0.8097058450287864,34193920,4275000,162207.673,75.018,5621.735,4.136,30.11967213114754,29.976229508196717,1.0097419737292228e-29,4.999999873689376e-05,104868.305,-3.6796246e-05,104868.33,-5.7230634e-09,0.00027853105,1.4509494,0.009999999776482582
-423932.0553065408,-444681.2482615237,-436803.84612530353,4500.0,11,45000,False,4320000,959,96,30e139b0c48841ada224184469197339,2024-02-14_16-50-58,1707947458,170.06958055496216,13643.792136192322,22588,Kurukshetra,192.168.68.14,13643.792136192322,4320000,96,4,589d08ce,0,-57629.67236455669,-51458.97230491635,-54600.480765663,7.970182703556454,3.10322516318607,0.8137648969293827,34553856,4320000,159606.345,76.263,5633.148,4.173,29.371074380165286,30.239669421487598,5.048709868646114e-30,4.999999873689376e-05,105345.75,-5.0073093e-05,105345.766,-2.2468323e-09,0.0003506577,1.448243,0.009999999776482582
-423932.0553065408,-444667.8680006877,-436409.0611977087,4500.0,9,45000,False,4365000,968,97,30e139b0c48841ada224184469197339,2024-02-14_16-53-42,1707947622,164.05569577217102,13807.847831964493,22588,Kurukshetra,192.168.68.14,13807.847831964493,4365000,97,4,589d08ce,0,-57629.67236455669,-51458.97230491635,-54551.13264971366,7.983589748609988,3.1075211959255125,0.8170607354397716,34913792,4365000,159661.929,74.962,5633.847,4.233,29.405957446808515,30.63276595744681,2.524354934323057e-30,4.999999873689376e-05,105634.67,1.7249726e-05,105634.69,-3.2006762e-09,0.0002298977,1.435399,0.009999999776482582
-423932.0553065408,-444667.8680006877,-436148.29031742,4500.0,11,45000,False,4410000,979,98,30e139b0c48841ada224184469197339,2024-02-14_16-56-31,1707947791,169.49796509742737,13977.34579706192,22588,Kurukshetra,192.168.68.14,13977.34579706192,4410000,98,4,589d08ce,0,-57629.67236455669,-51458.97230491635,-54518.53628967758,7.9997770930423835,3.1128308290783355,0.8210722575469547,35273728,4410000,160053.932,73.5,5639.872,4.139,29.304149377593365,31.01618257261411,1.2621774671615285e-30,4.999999873689376e-05,104573.91,4.8629292e-05,104573.93,-3.8153756e-09,0.0002627768,1.4318427,0.009999999776482582
-423932.0553065408,-444667.8680006877,-435922.1911781327,4500.0,9,45000,False,4455000,988,99,30e139b0c48841ada224184469197339,2024-02-14_16-59-18,1707947958,166.03728938102722,14143.383086442947,22588,Kurukshetra,192.168.68.14,14143.383086442947,4455000,99,4,589d08ce,0,-57629.67236455669,-51458.97230491635,-54490.27389726667,8.013112171685863,3.1172657220668976,0.8243534809069724,35633664,4455000,160870.462,74.092,5653.98,4.101,29.56793248945148,31.437552742616035,6.3108873358076425e-31,4.999999873689376e-05,104727.72,-3.4600453e-05,104727.734,-5.023578e-09,0.00026548567,1.4242465,0.009999999776482582
-423932.0553065408,-444667.8680006877,-435438.646378354,4500.0,11,45000,False,4500000,999,100,30e139b0c48841ada224184469197339,2024-02-14_17-02-08,1707948128,170.12572932243347,14313.50881576538,22588,Kurukshetra,192.168.68.14,14313.50881576538,4500000,100,4,589d08ce,0,-57629.67236455669,-51458.97230491635,-54429.830797294344,8.029423237577548,3.1226404616793557,0.8283821376222555,35993600,4500000,161463.133,73.986,5663.19,4.016,29.38148148148148,31.829218106995885,3.1554436679038213e-31,4.999999873689376e-05,105365.06,1.141785e-05,105365.08,-2.5223872e-09,0.00028549213,1.4317907,0.009999999776482582
